,lat,long,class,text,time,scale
0,-43.901673,172.361529,D,1,1,2.0
1,-43.740482,112.921114,D,1,1,2.0
2,-43.014123,147.13366,D,1,1,2.0
3,-41.362455,174.613267,D,1,1,2.0
4,-38.789293,-72.82102,D,1,1,2.0
5,-38.433859,144.593742,D,12,12,6.928203230275509
6,-38.359426,144.280124,D,1,1,2.0
7,-37.292621,174.161834,D,6,6,4.898979485566356
8,-36.457014,145.338537,D,1,1,2.0
9,-36.115989,146.873234,D,1,1,2.0
10,-35.48026,148.995922,D,2,2,2.8284271247461903
11,-35.411102,150.424182,D,1,1,2.0
12,-35.34897,138.44213,D,2,2,2.8284271247461903
13,-34.980163,-58.491052,D,1,1,2.0
14,-34.834247,16.447593,D,1,1,2.0
15,-34.674453,-58.531792,D,1,1,2.0
16,-34.518913,-58.977471,D,1,1,2.0
17,-34.384297,-62.889222,D,1,1,2.0
18,-34.35839,18.318033,D,1,1,2.0
19,-34.118347,150.520929,D,16,16,8.0
20,-33.941223,18.589352,D,1,1,2.0
21,-33.781474,-62.012068,D,1,1,2.0
22,-33.751051,-73.991482,D,1,1,2.0
23,-33.749159,151.180256,D,1,1,2.0
24,-33.571733,-70.930215,D,1,1,2.0
25,-33.486182,-70.608694,D,1,1,2.0
26,-33.449973,-70.637692,D,1,1,2.0
27,-33.409388,-70.615011,D,1,1,2.0
28,-33.213554,-80.114855,D,1,1,2.0
29,-33.120457,151.555002,D,1,1,2.0
30,-33.033993,-60.781306,D,1,1,2.0
31,-32.784917,151.548642,D,2,2,2.8284271247461903
32,-32.675715,115.617614,D,4,4,4.0
33,-31.814193,-60.573516,D,1,1,2.0
34,-30.396285,-71.075165,D,1,1,2.0
35,-30.268807,-51.306148,D,1,1,2.0
36,-30.13522,-71.345398,D,1,1,2.0
37,-28.876309,153.519619,D,1,1,2.0
38,-27.838936,-48.610313,D,4,4,4.0
39,-27.767441,152.668523,D,6,6,4.898979485566356
40,-27.061288,-48.677489,D,1,1,2.0
41,-26.386713,28.171303,D,1,1,2.0
42,-26.057257,28.014076,D,1,1,2.0
43,-25.984291,-57.81535,D,1,1,2.0
44,-25.402127,-70.628327,D,1,1,2.0
45,-24.008814,-46.826039,D,3,3,3.4641016151377544
46,-23.853841,-51.324349,D,1,1,2.0
47,-23.687677,-46.91803,D,1,1,2.0
48,-23.574594,-46.368885,D,1,1,2.0
49,-23.225,-47.304806,D,1,1,2.0
50,-23.08302,-43.795449,D,6,6,4.898979485566356
51,-23.024591,-43.022429,D,2,2,2.8284271247461903
52,-22.71169,158.197632,D,1,1,2.0
53,-22.700948,-43.839859,D,1,1,2.0
54,-22.439321,-42.266219,D,1,1,2.0
55,-20.260618,28.389269,D,1,1,2.0
56,-20.059816,-44.062789,D,3,3,3.4641016151377544
57,-19.75093752,132.64366507,D,1,1,2.0
58,-18.349728,-81.328148,D,2,2,2.8284271247461903
59,-16.052405,-48.285982,D,1,1,2.0
60,-14.069294,-172.803248,D,2,2,2.8284271247461903
61,-12.18668,-55.747552,D,1,1,2.0
62,-11.144822,-37.168411,D,3,3,3.4641016151377544
63,-10.362853,-40.413393,D,1,1,2.0
64,-9.92828333,63.05649629,D,1,1,2.0
65,-6.902598,107.59743,D,1,1,2.0
66,-6.24152,106.817351,D,1,1,2.0
67,-4.227073,-81.728111,D,1,1,2.0
68,-4.05331,8.615445,D,1,1,2.0
69,-3.221228,-60.802071,D,1,1,2.0
70,-1.389053,36.664573,D,1,1,2.0
71,2.111471,-54.59649,D,1,1,2.0
72,2.868785,101.718035,D,1,1,2.0
73,3.717432,-74.483289,D,7,7,5.291502622129181
74,4.003331,114.05514,D,1,1,2.0
75,4.197406,2.665436,D,1,1,2.0
76,4.361655,-8.601243,D,1,1,2.0
77,4.971114,7.861911,D,3,3,3.4641016151377544
78,5.51713,-0.347025,D,1,1,2.0
79,6.370388,2.706304,D,1,1,2.0
80,6.482676,3.198942,D,1,1,2.0
81,7.20386,-83.051445,D,1,1,2.0
82,8.037993,-85.304459,D,1,1,2.0
83,8.241228,-76.242962,D,1,1,2.0
84,10.042419,-61.930542,D,3,3,3.4641016151377544
85,10.084247,-75.7964,D,1,1,2.0
86,10.259475,123.764738,D,1,1,2.0
87,10.596424,-66.869142,D,1,1,2.0
88,10.869528,-74.925765,D,1,1,2.0
89,11.978062,-69.16291,D,1,1,2.0
90,11.98715,-61.80292,D,1,1,2.0
91,12.53257,-61.460928,D,1,1,2.0
92,13.044133,-59.650608,D,1,1,2.0
93,13.182335,-179.231086,D,8,8,5.656854249492381
94,14.513482,120.99888,D,1,1,2.0
95,14.531918,-118.403857,D,3,3,3.4641016151377544
96,15.777494,120.834415,D,1,1,2.0
97,15.925836,77.14582,D,1,1,2.0
98,16.006029,120.298416,D,1,1,2.0
99,16.932155,-62.348502,D,2,2,2.8284271247461903
100,17.705786,-78.368878,D,4,4,4.0
101,17.799153,-96.311441,D,1,1,2.0
102,18.021426,-74.479824,D,2,2,2.8284271247461903
103,18.054479,73.499413,D,1,1,2.0
104,18.120534,-67.156402,D,2,2,2.8284271247461903
105,18.132653,-66.228916,D,1,1,2.0
106,18.241203,-66.314136,D,1,1,2.0
107,18.280103,73.624695,D,1,1,2.0
108,18.311588,-64.903687,D,1,1,2.0
109,18.348902,-66.13753,D,1,1,2.0
110,18.377677,-65.96771,D,1,1,2.0
111,18.394575,-66.069081,D,1,1,2.0
112,18.424798,-69.996319,D,1,1,2.0
113,18.83765,-98.289206,D,1,1,2.0
114,18.845343,72.74484,D,2,2,2.8284271247461903
115,18.86546,-178.443593,D,3,3,3.4641016151377544
116,18.986727,72.958588,D,1,1,2.0
117,19.076393,-99.782579,D,1,1,2.0
118,19.087511,-99.315748,D,2,2,2.8284271247461903
119,19.206011,-99.497493,D,1,1,2.0
120,19.232228,-99.324375,D,3,3,3.4641016151377544
121,19.232313,-99.364536,D,1,1,2.0
122,19.305971,-99.404165,D,1,1,2.0
123,19.357102,-99.191996,D,1,1,2.0
124,19.386371,-99.259495,D,2,2,2.8284271247461903
125,19.399835,-99.18435,D,1,1,2.0
126,19.404352,-99.128294,D,1,1,2.0
127,19.51799,-99.330259,D,1,1,2.0
128,19.589845,-99.127265,D,1,1,2.0
129,20.50317,-100.596343,D,2,2,2.8284271247461903
130,20.600585,-103.408633,D,1,1,2.0
131,20.734206,-87.322724,D,1,1,2.0
132,20.896414,-156.393558,D,1,1,2.0
133,21.352946,-157.765901,D,1,1,2.0
134,21.408367,-157.826522,D,1,1,2.0
135,22.146512,113.81813,D,2,2,2.8284271247461903
136,22.212044,86.067565,D,1,1,2.0
137,22.314039,114.130253,D,1,1,2.0
138,22.492584,88.390681,D,1,1,2.0
139,22.626139,51.293874,D,1,1,2.0
140,22.871889,-110.119479,D,1,1,2.0
141,24.396308,-87.634643,D,65,65,16.1245154965971
142,24.618253,54.893973,D,1,1,2.0
143,24.793821,-103.511379,D,1,1,2.0
144,24.960508,121.457132,D,1,1,2.0
145,25.480538,-100.421037,D,1,1,2.0
146,25.627038,-80.297165,D,1,1,2.0
147,25.628844,-80.389344,D,2,2,2.8284271247461903
148,25.70904,-80.321683,D,11,11,6.6332495807108
149,25.726759,-80.498029,D,1,1,2.0
150,25.761172,-80.386249,D,1,1,2.0
151,25.761308,-80.147162,D,6,6,4.898979485566356
152,25.780974,-80.41729,D,2,2,2.8284271247461903
153,25.801893,-80.321889,D,1,1,2.0
154,25.806057,-80.356354,D,2,2,2.8284271247461903
155,25.830731,-80.258078,D,1,1,2.0
156,25.837092,-106.645646,D,25,25,10.0
157,25.858723,-97.580085,D,1,1,2.0
158,25.872141,-80.132539,D,1,1,2.0
159,25.880982,-80.227398,D,1,1,2.0
160,25.897971,-80.351414,D,1,1,2.0
161,25.914146,-80.208932,D,1,1,2.0
162,25.925182,-80.294772,D,1,1,2.0
163,25.947387,-80.199715,D,1,1,2.0
164,25.972852,-80.207047,D,2,2,2.8284271247461903
165,25.992486,-80.442683,D,2,2,2.8284271247461903
166,26.029537,-80.369507,D,2,2,2.8284271247461903
167,26.062031,-80.442024,D,1,1,2.0
168,26.080935,-80.20811,D,5,5,4.47213595499958
169,26.093538,-81.817216,D,1,1,2.0
170,26.119383,-80.363112,D,2,2,2.8284271247461903
171,26.143437,-98.295824,D,1,1,2.0
172,26.145371,49.767465,D,1,1,2.0
173,26.155046,-98.363219,D,1,1,2.0
174,26.177178,80.125067,D,1,1,2.0
175,26.195412,-80.244338,D,1,1,2.0
176,26.206136,-80.195561,D,3,3,3.4641016151377544
177,26.210625,-80.23409,D,1,1,2.0
178,26.213436,-80.203196,D,3,3,3.4641016151377544
179,26.228692,-80.297884,D,1,1,2.0
180,26.274467,-80.170343,D,1,1,2.0
181,26.316205,-81.878279,D,3,3,3.4641016151377544
182,26.320692,-80.203991,D,8,8,5.656854249492381
183,26.420813,-80.13094,D,2,2,2.8284271247461903
184,26.452722,-81.845887,D,1,1,2.0
185,26.476484,-80.173447,D,2,2,2.8284271247461903
186,26.513337,-81.759179,D,2,2,2.8284271247461903
187,26.531814,-82.069567,D,3,3,3.4641016151377544
188,26.569606,-80.105173,D,1,1,2.0
189,26.644671,-80.2006,D,3,3,3.4641016151377544
190,26.665515,-80.257234,D,1,1,2.0
191,26.70091,-81.723699,D,1,1,2.0
192,26.785413,-80.177251,D,1,1,2.0
193,26.803535,-80.082042,D,1,1,2.0
194,26.879058,-80.177525,D,1,1,2.0
195,27.111576,-80.237333,D,1,1,2.0
196,27.20569,-80.457446,D,1,1,2.0
197,27.280771,-82.448521,D,1,1,2.0
198,27.293114,-82.588866,D,3,3,3.4641016151377544
199,27.34519,-82.54496,D,1,1,2.0
200,27.38832,-82.50572,D,1,1,2.0
201,27.389031,-82.579053,D,2,2,2.8284271247461903
202,27.456386,-81.49963,D,1,1,2.0
203,27.512939,-80.414581,D,1,1,2.0
204,27.578509,-97.662618,D,2,2,2.8284271247461903
205,27.694323,-82.758209,D,8,8,5.656854249492381
206,27.730365,-80.5505,D,1,1,2.0
207,27.738608,-82.783299,D,1,1,2.0
208,27.821353,-82.620093,D,13,13,7.211102550927978
209,27.824633,-82.752428,D,1,1,2.0
210,27.829894,-82.244556,D,1,1,2.0
211,27.856937,-82.63717,D,1,1,2.0
212,27.865251,-82.849182,D,1,1,2.0
213,27.893711,-82.700955,D,1,1,2.0
214,27.930926,-82.267905,D,1,1,2.0
215,27.939559,-81.770135,D,1,1,2.0
216,27.968692,-82.042715,D,1,1,2.0
217,28.011287,-82.40189,D,3,3,3.4641016151377544
218,28.033407,-82.543989,D,2,2,2.8284271247461903
219,28.03509,-80.706074,D,2,2,2.8284271247461903
220,28.038662,-82.648577,D,1,1,2.0
221,28.048627,-82.786128,D,1,1,2.0
222,28.054599,-82.506967,D,1,1,2.0
223,28.061951,-81.520362,D,1,1,2.0
224,28.06986896,-82.58712454,D,1,1,2.0
225,28.090958,-82.502573,D,1,1,2.0
226,28.142537,-80.731463,D,1,1,2.0
227,28.228442,-112.615459,D,1,1,2.0
228,28.251311,-82.520132,D,1,1,2.0
229,28.263172,-82.744399,D,1,1,2.0
230,28.299909,-82.733975,D,1,1,2.0
231,28.347874,-81.388834,D,1,1,2.0
232,28.388218,-81.507905,D,22,22,9.38083151964686
233,28.397657,76.84252,D,1,1,2.0
234,28.420712,-81.508635,D,2,2,2.8284271247461903
235,28.424587,-81.611279,D,3,3,3.4641016151377544
236,28.433671,-82.639883,D,1,1,2.0
237,28.480434,-81.351673,D,1,1,2.0
238,28.489488,-81.244501,D,2,2,2.8284271247461903
239,28.49675,-81.625844,D,1,1,2.0
240,28.510068,-81.276412,D,1,1,2.0
241,28.515824,-81.310707,D,1,1,2.0
242,28.56471,-81.224485,D,2,2,2.8284271247461903
243,28.631053,-81.53958,D,1,1,2.0
244,28.680049,-81.459681,D,1,1,2.0
245,28.709293,-97.045657,D,1,1,2.0
246,28.726142,-81.373433,D,1,1,2.0
247,28.738984,-81.347775,D,2,2,2.8284271247461903
248,28.84511,-81.285896,D,1,1,2.0
249,28.855128,-94.043628,D,1,1,2.0
250,28.904041,-82.476559,D,1,1,2.0
251,28.962902,-82.293902,D,4,4,4.0
252,29.027688,-81.078928,D,1,1,2.0
253,29.115435,-98.179363,D,1,1,2.0
254,29.141956,-98.778559,D,17,17,8.246211251235321
255,29.223473,-81.166062,D,1,1,2.0
256,29.239602,-94.880809,D,1,1,2.0
257,29.321673,48.000219,D,1,1,2.0
258,29.33728,-95.049499,D,1,1,2.0
259,29.438994,-95.178987,D,4,4,4.0
260,29.482424,-95.835024,D,2,2,2.8284271247461903
261,29.506247,-95.586805,D,1,1,2.0
262,29.507337,-95.505362,D,1,1,2.0
263,29.522325,-95.823268,D,41,41,12.806248474865697
264,29.535478,-95.74722,D,1,1,2.0
265,29.543372,-95.686106,D,3,3,3.4641016151377544
266,29.600496,-82.421473,D,7,7,5.291502622129181
267,29.64897,-95.71547,D,1,1,2.0
268,29.663671,-95.14691,D,3,3,3.4641016151377544
269,29.676113,-95.846367,D,5,5,4.47213595499958
270,29.739305,-82.517885,D,1,1,2.0
271,29.823923,-94.053284,D,2,2,2.8284271247461903
272,29.840708,-97.993537,D,1,1,2.0
273,29.853716,-90.139232,D,1,1,2.0
274,29.87235,-95.620555,D,1,1,2.0
275,29.878501,-90.043765,D,1,1,2.0
276,29.889574,-90.137908,D,9,9,6.0
277,30.011444,-95.43718,D,1,1,2.0
278,30.041009,-81.748593,D,3,3,3.4641016151377544
279,30.058559,-97.877229,D,1,1,2.0
280,30.066754,-95.662144,D,1,1,2.0
281,30.076095,-95.452477,D,2,2,2.8284271247461903
282,30.10764,-95.661376,D,1,1,2.0
283,30.115566,-85.605722,D,1,1,2.0
284,30.115967,-92.158649,D,2,2,2.8284271247461903
285,30.127892,-97.928935,D,29,29,10.770329614269007
286,30.134176,-85.737225,D,1,1,2.0
287,30.144425,-88.473228,D,7,7,5.291502622129181
288,30.146096,-91.655009,D,11,11,6.6332495807108
289,30.180914,-92.181476,D,1,1,2.0
290,30.198393,-85.680097,D,1,1,2.0
291,30.223134,-91.020795,D,1,1,2.0
292,30.24363,-97.784472,D,1,1,2.0
293,30.283043,-92.097811,D,1,1,2.0
294,30.28664,-81.630148,D,1,1,2.0
295,30.33906592,46.01077874,D,1,1,2.0
296,30.348341,-90.154712,D,1,1,2.0
297,30.351774,-89.137059,D,1,1,2.0
298,30.354161,-91.218994,D,2,2,2.8284271247461903
299,30.355644,-85.605166,D,56,56,14.966629547095765
300,30.365093,-84.386548,D,8,8,5.656854249492381
301,30.367273,-87.136336,D,2,2,2.8284271247461903
302,30.37865,-86.515771,D,1,1,2.0
303,30.381439,-81.831217,D,1,1,2.0
304,30.386899,-89.001504,D,2,2,2.8284271247461903
305,30.396707,-90.256583,D,1,1,2.0
306,30.399257,-87.259577,D,1,1,2.0
307,30.419425,-88.84974,D,1,1,2.0
308,30.420118,-97.664611,D,2,2,2.8284271247461903
309,30.424563,-97.697798,D,1,1,2.0
310,30.437965,-87.285468,D,1,1,2.0
311,30.440165,-90.182377,D,1,1,2.0
312,30.445667,-87.285347,D,1,1,2.0
313,30.455536,-97.8817,D,2,2,2.8284271247461903
314,30.468442,-97.755394,D,1,1,2.0
315,30.503417,-87.313476,D,1,1,2.0
316,30.520359,-96.37703,D,2,2,2.8284271247461903
317,30.523874,-88.301598,D,3,3,3.4641016151377544
318,30.609214,-96.439644,D,1,1,2.0
319,30.643296,-95.600652,D,2,2,2.8284271247461903
320,30.778082,-88.157277,D,1,1,2.0
321,30.824052,-90.166062,D,1,1,2.0
322,31.031178,-97.500586,D,1,1,2.0
323,31.130472,-85.515405,D,2,2,2.8284271247461903
324,31.332246,-114.818269,D,6,6,4.898979485566356
325,31.335769,-100.52941,D,1,1,2.0
326,31.377059,-85.700639,D,1,1,2.0
327,31.417053,-83.574733,D,1,1,2.0
328,31.451222,74.267586,D,1,1,2.0
329,31.45507,-97.26899,D,2,2,2.8284271247461903
330,31.620668,-106.634874,D,7,7,5.291502622129181
331,31.654053,-106.233005,D,1,1,2.0
332,31.923379,-102.229316,D,1,1,2.0
333,32.04683,-83.353955,D,25,25,10.0
334,32.049347,-90.331039,D,2,2,2.8284271247461903
335,32.057802,-111.083219,D,7,7,5.291502622129181
336,32.098292,-117.298421,D,2,2,2.8284271247461903
337,32.117745,-81.309894,D,1,1,2.0
338,32.157413,-90.31041,D,1,1,2.0
339,32.183745,-90.176338,D,1,1,2.0
340,32.221406,-95.414773,D,2,2,2.8284271247461903
341,32.24704,-64.88734,D,1,1,2.0
342,32.250309,-110.980121,D,1,1,2.0
343,32.284593,-86.418059,D,4,4,4.0
344,32.321246,-99.835853,D,4,4,4.0
345,32.332455,-93.938883,D,1,1,2.0
346,32.360463,-81.869986,D,2,2,2.8284271247461903
347,32.373847,-85.038673,D,1,1,2.0
348,32.419303,-93.74855,D,1,1,2.0
349,32.426057,-90.205184,D,1,1,2.0
350,32.470102,-97.383285,D,1,1,2.0
351,32.470899,-96.830668,D,1,1,2.0
352,32.471345,-85.160094,D,1,1,2.0
353,32.484371,-96.839528,D,1,1,2.0
354,32.486664,-82.999503,D,1,1,2.0
355,32.495868,-83.728243,D,1,1,2.0
356,32.496312,-92.695547,D,1,1,2.0
357,32.528832,-124.482003,D,20,20,8.94427190999916
358,32.532449,-85.569969,D,1,1,2.0
359,32.53962,-117.282538,D,38,38,12.328828005937952
360,32.541286,-97.028288,D,1,1,2.0
361,32.559599,-96.823367,D,1,1,2.0
362,32.563973,-97.078573,D,3,3,3.4641016151377544
363,32.569477,-97.538285,D,6,6,4.898979485566356
364,32.582128,-117.117116,D,1,1,2.0
365,32.586565,-97.233811,D,7,7,5.291502622129181
366,32.620678,-96.977527,D,27,27,10.392304845413264
367,32.7153,-117.156,D,1,1,2.0
368,32.716432,-97.839791,D,2,2,2.8284271247461903
369,32.720529,-97.065649,D,1,1,2.0
370,32.730647,-115.594987,D,1,1,2.0
371,32.743581,-117.053546,D,1,1,2.0
372,32.766578,-79.922434,D,1,1,2.0
373,32.767506,-117.009833,D,4,4,4.0
374,32.771786,-97.034184,D,6,6,4.898979485566356
375,32.798794,-83.825693,D,2,2,2.8284271247461903
376,32.799254,-96.772328,D,2,2,2.8284271247461903
377,32.81088,-97.15606,D,1,1,2.0
378,32.822102,-97.168665,D,2,2,2.8284271247461903
379,32.829336,-80.15759,D,1,1,2.0
380,32.836523,-96.815054,D,1,1,2.0
381,32.914293,-97.20323,D,1,1,2.0
382,32.927402,-117.084304,D,1,1,2.0
383,32.961647,-80.101267,D,1,1,2.0
384,32.979449,-117.27809,D,1,1,2.0
385,32.981938,-96.596044,D,1,1,2.0
386,32.985088,-97.044681,D,3,3,3.4641016151377544
387,32.997151,-96.85743,D,3,3,3.4641016151377544
388,33.004106,-94.61771,D,7,7,5.291502622129181
389,33.029009,-112.079946,D,1,1,2.0
390,33.066464,-96.736596,D,3,3,3.4641016151377544
391,33.072178,-97.151745,D,1,1,2.0
392,33.081206,-96.937783,D,2,2,2.8284271247461903
393,33.098411,-87.626729,D,5,5,4.47213595499958
394,33.128938,-97.187543,D,5,5,4.47213595499958
395,33.131231,-117.288262,D,3,3,3.4641016151377544
396,33.137357,-96.803319,D,9,9,6.0
397,33.152639,-117.399853,D,1,1,2.0
398,33.203761,-111.972849,D,2,2,2.8284271247461903
399,33.204608,-111.842244,D,5,5,4.47213595499958
400,33.255959,-86.860382,D,2,2,2.8284271247461903
401,33.29026,-112.323914,D,16,16,8.0
402,33.306275,-111.894548,D,8,8,5.656854249492381
403,33.319945,-111.979047,D,2,2,2.8284271247461903
404,33.334025,-86.78045,D,1,1,2.0
405,33.338854,-82.21201,D,4,4,4.0
406,33.359068,-110.77315,D,1,1,2.0
407,33.398161,-86.831239,D,1,1,2.0
408,33.405025,-86.967333,D,3,3,3.4641016151377544
409,33.406706,-88.866974,D,2,2,2.8284271247461903
410,33.417914,-86.713173,D,1,1,2.0
411,33.424993,-94.470422,D,1,1,2.0
412,33.435864,-111.960775,D,8,8,5.656854249492381
413,33.44712,-102.033765,D,7,7,5.291502622129181
414,33.447541,-117.184394,D,1,1,2.0
415,33.456665,-88.45588,D,1,1,2.0
416,33.479096,-82.228501,D,5,5,4.47213595499958
417,33.508162,-112.461589,D,1,1,2.0
418,33.509481,-84.626791,D,1,1,2.0
419,33.521653,-117.274492,D,1,1,2.0
420,33.52676,-85.128063,D,1,1,2.0
421,33.535979,-79.069664,D,1,1,2.0
422,33.563618,-117.958219,D,1,1,2.0
423,33.565085,-112.312571,D,1,1,2.0
424,33.567198,-111.7834,D,2,2,2.8284271247461903
425,33.574834,-86.849366,D,1,1,2.0
426,33.575507,-117.308832,D,1,1,2.0
427,33.579566,-112.46036,D,1,1,2.0
428,33.58767,-84.403047,D,1,1,2.0
429,33.599493,-116.323001,D,1,1,2.0
430,33.606077,-117.86894,D,2,2,2.8284271247461903
431,33.606781,-117.72136,D,1,1,2.0
432,33.615765,-103.002652,D,5,5,4.47213595499958
433,33.617059,-78.991697,D,3,3,3.4641016151377544
434,33.625179,-117.954201,D,2,2,2.8284271247461903
435,33.628991,-118.082615,D,6,6,4.898979485566356
436,33.647503,-84.576827,D,25,25,10.0
437,33.670765,-116.421818,D,2,2,2.8284271247461903
438,33.690331,-84.305711,D,1,1,2.0
439,33.691774,-117.944051,D,2,2,2.8284271247461903
440,33.69418,-117.845301,D,2,2,2.8284271247461903
441,33.704538,-118.668404,D,133,133,23.065125189341593
442,33.712266,-84.309736,D,2,2,2.8284271247461903
443,33.712366,-87.070326,D,1,1,2.0
444,33.720269,-118.043083,D,1,1,2.0
445,33.723095,-118.117365,D,1,1,2.0
446,33.732905,-118.250227,D,7,7,5.291502622129181
447,33.735457,-85.847512,D,1,1,2.0
448,33.737204,-84.290986,D,1,1,2.0
449,33.750938,-84.315827,D,2,2,2.8284271247461903
450,33.751357,-117.039483,D,1,1,2.0
451,33.752879,-84.321948,D,33,33,11.489125293076057
452,33.771232,-84.395235,D,1,1,2.0
453,33.77319,-117.904717,D,2,2,2.8284271247461903
454,33.775633,-84.280759,D,1,1,2.0
455,33.779426,-116.567788,D,1,1,2.0
456,33.780441,-118.394086,D,1,1,2.0
457,33.781057,-118.092825,D,2,2,2.8284271247461903
458,33.788139,-84.561205,D,3,3,3.4641016151377544
459,33.788913,-118.017789,D,4,4,4.0
460,33.800182,-84.251197,D,2,2,2.8284271247461903
461,33.802102,-117.672915,D,4,4,4.0
462,33.806298,-87.313548,D,1,1,2.0
463,33.813655,-111.968536,D,1,1,2.0
464,33.814689,-118.401931,D,1,1,2.0
465,33.820953,-117.536857,D,1,1,2.0
466,33.825123,-84.348581,D,1,1,2.0
467,33.836222,-81.142601,D,2,2,2.8284271247461903
468,33.840719,-84.724541,D,1,1,2.0
469,33.841705,-84.487242,D,2,2,2.8284271247461903
470,33.844012,-5.602876,D,1,1,2.0
471,33.84596,-118.108568,D,1,1,2.0
472,33.85185,-118.409579,D,1,1,2.0
473,33.85216,-117.523867,D,2,2,2.8284271247461903
474,33.853755,-117.884864,D,1,1,2.0
475,33.853881,-117.985941,D,4,4,4.0
476,33.858759,-117.296536,D,1,1,2.0
477,33.862324,-117.846211,D,1,1,2.0
478,33.865559,-118.326601,D,1,1,2.0
479,33.872825,-118.423186,D,1,1,2.0
480,33.876319,-84.322319,D,2,2,2.8284271247461903
481,33.876737,-84.4468,D,4,4,4.0
482,33.877554,-83.521866,D,12,12,6.928203230275509
483,33.879813,-118.188188,D,1,1,2.0
484,33.88031,-118.111506,D,1,1,2.0
485,33.895088,-84.596805,D,3,3,3.4641016151377544
486,33.901804,-118.429843,D,2,2,2.8284271247461903
487,33.905579,-117.928789,D,2,2,2.8284271247461903
488,33.915238,-84.348046,D,1,1,2.0
489,33.928201,-118.072424,D,1,1,2.0
490,33.930952,-118.317776,D,1,1,2.0
491,33.950457,-118.123005,D,1,1,2.0
492,33.954448,-83.766197,D,1,1,2.0
493,33.95454822,-118.436026,D,1,1,2.0
494,33.971999,-84.419128,D,1,1,2.0
495,33.974263,-118.144082,D,1,1,2.0
496,33.995177,-118.517358,D,5,5,4.47213595499958
497,34.001413,-84.107404,D,2,2,2.8284271247461903
498,34.003849,-117.243736,D,1,1,2.0
499,34.008017,-118.192945,D,1,1,2.0
500,34.018283,-117.834663,D,1,1,2.0
501,34.019235,-117.337845,D,1,1,2.0
502,34.027012,-118.170463,D,1,1,2.0
503,34.033432,-117.524329,D,1,1,2.0
504,34.04725,-81.257113,D,1,1,2.0
505,34.050311,-117.401199,D,2,2,2.8284271247461903
506,34.052559,-118.427344,D,2,2,2.8284271247461903
507,34.05998,-118.165119,D,1,1,2.0
508,34.074044,-84.556535,D,3,3,3.4641016151377544
509,34.075963,-118.395904,D,10,10,6.324555320336759
510,34.077184,-117.637862,D,2,2,2.8284271247461903
511,34.079477,-117.750807,D,1,1,2.0
512,34.086988,-117.704483,D,1,1,2.0
513,34.10673,-117.949187,D,2,2,2.8284271247461903
514,34.117025,-118.198346,D,7,7,5.291502622129181
515,34.119011,-118.429061,D,1,1,2.0
516,34.123378,-77.923643,D,1,1,2.0
517,34.125821,-118.794237,D,1,1,2.0
518,34.126875,-119.061758,D,2,2,2.8284271247461903
519,34.14263,-118.37032,D,2,2,2.8284271247461903
520,34.14587351,-118.36549136,D,1,1,2.0
521,34.156809,-118.068205,D,1,1,2.0
522,34.168527,-118.431266,D,1,1,2.0
523,34.191355,-119.109824,D,2,2,2.8284271247461903
524,34.222878,-118.829753,D,1,1,2.0
525,34.257033,-118.932832,D,3,3,3.4641016151377544
526,34.321375,-89.571643,D,1,1,2.0
527,34.347483,-118.627874,D,4,4,4.0
528,34.395525,-119.763341,D,1,1,2.0
529,34.404565,-119.881745,D,1,1,2.0
530,34.429748,-84.980832,D,1,1,2.0
531,34.437542,-117.47182,D,1,1,2.0
532,34.447616,-82.707012,D,2,2,2.8284271247461903
533,34.524215,-112.299757,D,2,2,2.8284271247461903
534,34.62595,-92.521595,D,3,3,3.4641016151377544
535,34.630945,-118.280798,D,2,2,2.8284271247461903
536,34.651362,-82.356456,D,4,4,4.0
537,34.658367,-82.853949,D,3,3,3.4641016151377544
538,34.687331,-82.434848,D,8,8,5.656854249492381
539,34.735212,-92.352506,D,1,1,2.0
540,34.741098,-82.333778,D,1,1,2.0
541,34.761821,-111.794851,D,1,1,2.0
542,34.776033,-82.663558,D,2,2,2.8284271247461903
543,34.793941,-77.477448,D,1,1,2.0
544,34.79959,-92.247306,D,1,1,2.0
545,34.83213,-82.489243,D,1,1,2.0
546,34.844855,-82.39106,D,1,1,2.0
547,34.875556,-82.045319,D,4,4,4.0
548,34.882342,-95.82443,D,1,1,2.0
549,34.889384,-90.096994,D,2,2,2.8284271247461903
550,34.901195,-88.576522,D,1,1,2.0
551,34.936245,-79.195342,D,4,4,4.0
552,34.982924,-90.310298,D,19,19,8.717797887081348
553,34.983674,-85.404424,D,3,3,3.4641016151377544
554,34.986443,-85.139808,D,3,3,3.4641016151377544
555,34.994192,-90.135782,D,10,10,6.324555320336759
556,35.001706,-81.046876,D,24,24,9.797958971132712
557,35.002086,-120.00574,D,9,9,6.0
558,35.006217,-89.744463,D,2,2,2.8284271247461903
559,35.015891,-106.791691,D,9,9,6.0
560,35.053241,-80.919951,D,1,1,2.0
561,35.065799,-85.186921,D,2,2,2.8284271247461903
562,35.098693,-101.96758,D,2,2,2.8284271247461903
563,35.14394,136.928827,D,1,1,2.0
564,35.15327,-97.51982,D,5,5,4.47213595499958
565,35.167439,-81.066211,D,1,1,2.0
566,35.186443,-89.887992,D,2,2,2.8284271247461903
567,35.189247,-94.310407,D,1,1,2.0
568,35.235477,-120.71213,D,1,1,2.0
569,35.239698,-111.570717,D,2,2,2.8284271247461903
570,35.255821,-119.172179,D,5,5,4.47213595499958
571,35.286219,-106.584715,D,1,1,2.0
572,35.290722,-97.768683,D,8,8,5.656854249492381
573,35.321152,-80.766298,D,1,1,2.0
574,35.35139,136.678419,D,2,2,2.8284271247461903
575,35.397135,-78.774818,D,1,1,2.0
576,35.412422,-120.927245,D,1,1,2.0
577,35.421216,-82.681852,D,2,2,2.8284271247461903
578,35.433034,-97.424091,D,1,1,2.0
579,35.435255,-80.678004,D,1,1,2.0
580,35.437843,-120.726857,D,1,1,2.0
581,35.44073,-80.87267,D,1,1,2.0
582,35.47747748,-85.02950425,D,1,1,2.0
583,35.495207,-80.961004,D,2,2,2.8284271247461903
584,35.533842,-88.927948,D,1,1,2.0
585,35.586659,-106.10308,D,3,3,3.4641016151377544
586,35.591709,-80.61977,D,1,1,2.0
587,35.606823,-97.557572,D,3,3,3.4641016151377544
588,35.644384,-78.944895,D,8,8,5.656854249492381
589,35.656813,-81.416695,D,1,1,2.0
590,35.664463,-86.983702,D,1,1,2.0
591,35.673404,139.673228,D,2,2,2.8284271247461903
592,35.711731,139.562887,D,1,1,2.0
593,35.715805,-78.818343,D,17,17,8.246211251235321
594,35.724493,-80.958451,D,1,1,2.0
595,35.724769,139.749428,D,2,2,2.8284271247461903
596,35.729878,139.392945,D,1,1,2.0
597,35.751433,-86.505805,D,4,4,4.0
598,35.770939,-83.958215,D,1,1,2.0
599,35.786305,14.183639,D,1,1,2.0
600,35.831436,-84.19397,D,3,3,3.4641016151377544
601,35.85036,-86.935419,D,1,1,2.0
602,35.854618,139.744982,D,1,1,2.0
603,35.866334,-79.007589,D,16,16,8.0
604,35.869376,-79.083153,D,1,1,2.0
605,35.879451,-86.624429,D,3,3,3.4641016151377544
606,35.889723,-79.109676,D,2,2,2.8284271247461903
607,35.898172,-85.096414,D,1,1,2.0
608,35.907134,-95.904492,D,1,1,2.0
609,35.917793,-115.158143,D,4,4,4.0
610,35.93042,-80.432988,D,1,1,2.0
611,35.934126,-80.389019,D,2,2,2.8284271247461903
612,35.935363,-85.862087,D,1,1,2.0
613,35.940204,-86.70683,D,1,1,2.0
614,35.942386,-114.868739,D,1,1,2.0
615,35.960753,-115.316075,D,3,3,3.4641016151377544
616,35.962623,-80.029518,D,7,7,5.291502622129181
617,35.965278,-86.615589,D,1,1,2.0
618,35.968624,-96.065628,D,2,2,2.8284271247461903
619,35.98436,-75.692503,D,4,4,4.0
620,35.984784,-115.209254,D,4,4,4.0
621,35.994568,-87.022482,D,15,15,7.745966692414834
622,35.995476,-95.774704,D,22,22,9.38083151964686
623,36.028627,-79.556369,D,1,1,2.0
624,36.035126,-80.142767,D,2,2,2.8284271247461903
625,36.079285,-97.144924,D,2,2,2.8284271247461903
626,36.082837,-115.355825,D,1,1,2.0
627,36.108795,-5.366319,D,1,1,2.0
628,36.129459,-115.384091,D,12,12,6.928203230275509
629,36.184836,-115.212251,D,4,4,4.0
630,36.265124,-94.225208,D,3,3,3.4641016151377544
631,36.282649,-119.172041,D,1,1,2.0
632,36.299794,-78.455614,D,1,1,2.0
633,36.318031,-84.210179,D,1,1,2.0
634,36.335631,-97.981671,D,1,1,2.0
635,36.399379,-99.461544,D,1,1,2.0
636,36.43008,-82.649893,D,1,1,2.0
637,36.436601,-77.697883,D,1,1,2.0
638,36.4602,-87.486546,D,2,2,2.8284271247461903
639,36.492621,-82.82035,D,1,1,2.0
640,36.497129,-89.57151,D,14,14,7.483314773547883
641,36.540739,-83.67529,D,36,36,12.0
642,36.572627,-88.361326,D,1,1,2.0
643,36.573772,-121.927092,D,1,1,2.0
644,36.594421,-93.331522,D,1,1,2.0
645,36.648905,-119.93251,D,2,2,2.8284271247461903
646,36.672395,-93.13284,D,1,1,2.0
647,36.672684,-76.22808,D,4,4,4.0
648,36.686006,-82.019139,D,1,1,2.0
649,36.698303,-76.668194,D,1,1,2.0
650,36.699006,-96.012722,D,1,1,2.0
651,36.72077,-108.450316,D,1,1,2.0
652,36.773497,-114.148275,D,1,1,2.0
653,36.820791,-76.334287,D,7,7,5.291502622129181
654,36.8749413,-76.0323781,D,1,1,2.0
655,36.949187,-76.665123,D,1,1,2.0
656,36.958955,-85.964805,D,1,1,2.0
657,36.960216,-76.62797,D,5,5,4.47213595499958
658,36.967212,-121.933333,D,1,1,2.0
659,36.967406,-122.001081,D,1,1,2.0
660,36.970298,-91.51308,D,18,18,8.48528137423857
661,36.973598,-121.629338,D,1,1,2.0
662,36.982749,-121.971311,D,2,2,2.8284271247461903
663,36.989568,-76.451006,D,1,1,2.0
664,36.992427,-109.060257,D,14,14,7.483314773547883
665,36.99311,-102.051769,D,10,10,6.324555320336759
666,36.997905,-114.052999,D,4,4,4.0
667,36.998674,-94.754615,D,1,1,2.0
668,37.021646,-113.641805,D,4,4,4.0
669,37.033745,-120.879833,D,1,1,2.0
670,37.108491,-80.452465,D,1,1,2.0
671,37.1086,-8.684665,D,1,1,2.0
672,37.185195,-80.47611,D,1,1,2.0
673,37.193164,-122.035311,D,9,9,6.0
674,37.201483,-82.644739,D,7,7,5.291502622129181
675,37.211374,-80.037735,D,1,1,2.0
676,37.223646,-77.443568,D,2,2,2.8284271247461903
677,37.254665,-121.991728,D,1,1,2.0
678,37.255486,-89.628581,D,1,1,2.0
679,37.303666,-121.037486,D,2,2,2.8284271247461903
680,37.332496,-79.257789,D,2,2,2.8284271247461903
681,37.362824,-122.190523,D,1,1,2.0
682,37.406339,-122.191291,D,2,2,2.8284271247461903
683,37.410659,-122.288042,D,1,1,2.0
684,37.430051,-77.465634,D,1,1,2.0
685,37.441155,-82.569827,D,1,1,2.0
686,37.447046,-77.601044,D,2,2,2.8284271247461903
687,37.454962,-122.069956,D,6,6,4.898979485566356
688,37.459822,-120.912851,D,1,1,2.0
689,37.512567,-122.355038,D,1,1,2.0
690,37.523439,126.855913,D,1,1,2.0
691,37.56138,-122.096971,D,1,1,2.0
692,37.562483,-97.534906,D,4,4,4.0
693,37.568111,-122.403936,D,1,1,2.0
694,37.56859,-95.24343,D,1,1,2.0
695,37.581956,-122.425557,D,1,1,2.0
696,37.592632,-122.160814,D,1,1,2.0
697,37.59485,-121.074342,D,3,3,3.4641016151377544
698,37.600909,-122.473595,D,1,1,2.0
699,37.606827,-77.569305,D,4,4,4.0
700,37.649122,-122.500164,D,2,2,2.8284271247461903
701,37.661213,-122.161568,D,1,1,2.0
702,37.667637,-122.202424,D,1,1,2.0
703,37.678709,-122.130814,D,1,1,2.0
704,37.697406,-121.979522,D,2,2,2.8284271247461903
705,37.699279,-122.34266,D,15,15,7.745966692414834
706,37.708075,-122.514926,D,49,49,14.0
707,37.714739,-87.211826,D,1,1,2.0
708,37.721286,-122.004255,D,1,1,2.0
709,37.757477,-81.220519,D,4,4,4.0
710,37.771743,-88.097892,D,17,17,8.246211251235321
711,37.773029,-122.472482,D,1,1,2.0
712,37.787451,-121.326808,D,2,2,2.8284271247461903
713,37.827015,-122.315509,D,1,1,2.0
714,37.845953,-122.324818,D,4,4,4.0
715,37.850036,-122.167768,D,1,1,2.0
716,37.886607,-79.487651,D,15,15,7.745966692414834
717,37.896724,-78.360131,D,1,1,2.0
718,37.914961,-91.80334,D,1,1,2.0
719,37.923982,-87.699649,D,3,3,3.4641016151377544
720,37.924231,-122.066245,D,1,1,2.0
721,37.935458,-87.450986,D,1,1,2.0
722,37.94511,-84.292805,D,2,2,2.8284271247461903
723,37.989865,-121.987421,D,6,6,4.898979485566356
724,37.991191,-89.264335,D,1,1,2.0
725,38.006786,-84.934569,D,1,1,2.0
726,38.011877,-85.659493,D,1,1,2.0
727,38.033701,-87.578437,D,1,1,2.0
728,38.039015,-122.62422,D,1,1,2.0
729,38.051152,-78.728108,D,1,1,2.0
730,38.081329,-85.677333,D,2,2,2.8284271247461903
731,38.08348,-85.718687,D,1,1,2.0
732,38.0994509,-85.648585,D,1,1,2.0
733,38.108678,-85.847503,D,2,2,2.8284271247461903
734,38.1666,-84.292183,D,1,1,2.0
735,38.225963,-85.668625,D,2,2,2.8284271247461903
736,38.267538,-85.75745,D,2,2,2.8284271247461903
737,38.270129,-77.519387,D,1,1,2.0
738,38.28923,-75.71412,D,6,6,4.898979485566356
739,38.308561,-122.032758,D,1,1,2.0
740,38.361325,-121.487576,D,2,2,2.8284271247461903
741,38.362725,-87.002013,D,1,1,2.0
742,38.375981,-82.530433,D,1,1,2.0
743,38.379179,-121.488236,D,3,3,3.4641016151377544
744,38.38146592,27.01218315,D,1,1,2.0
745,38.387443,-78.918345,D,3,3,3.4641016151377544
746,38.388551,-85.616216,D,1,1,2.0
747,38.396779,-122.779239,D,2,2,2.8284271247461903
748,38.403186,-84.820309,D,25,25,10.0
749,38.40689,-82.738791,D,2,2,2.8284271247461903
750,38.43792,-121.576613,D,10,10,6.324555320336759
751,38.45104,-75.788756,D,11,11,6.6332495807108
752,38.484463,-92.312792,D,1,1,2.0
753,38.516197,-121.584282,D,1,1,2.0
754,38.522392,-109.570595,D,1,1,2.0
755,38.526843,-121.803252,D,1,1,2.0
756,38.533193,-90.320516,D,11,11,6.6332495807108
757,38.542551,-90.677998,D,1,1,2.0
758,38.548947,-90.472597,D,2,2,2.8284271247461903
759,38.57847,-90.183218,D,1,1,2.0
760,38.580376,-77.410461,D,1,1,2.0
761,38.591142,-121.3461,D,3,3,3.4641016151377544
762,38.592875,-90.523288,D,1,1,2.0
763,38.608878,-76.985159,D,2,2,2.8284271247461903
764,38.609866,-75.180712,D,1,1,2.0
765,38.618724,-90.362321,D,1,1,2.0
766,38.621443,-121.260264,D,1,1,2.0
767,38.633586,-90.353953,D,1,1,2.0
768,38.637436,-121.262498,D,1,1,2.0
769,38.639901,-90.491849,D,1,1,2.0
770,38.640692,-121.802695,D,4,4,4.0
771,38.645912,-90.366578,D,8,8,5.656854249492381
772,38.647914,-90.307016,D,1,1,2.0
773,38.64839197,-90.30880367,D,1,1,2.0
774,38.649325,-78.48619,D,2,2,2.8284271247461903
775,38.65476,-121.033013,D,1,1,2.0
776,38.663673,-121.331355,D,1,1,2.0
777,38.663766,-104.747972,D,2,2,2.8284271247461903
778,38.686561,-87.092563,D,1,1,2.0
779,38.688359,-77.037081,D,1,1,2.0
780,38.697083,-77.140882,D,2,2,2.8284271247461903
781,38.700023,-90.67755,D,3,3,3.4641016151377544
782,38.701346,-89.930885,D,1,1,2.0
783,38.719728,-76.108363,D,1,1,2.0
784,38.730221,-77.096062,D,1,1,2.0
785,38.733527,-77.298364,D,1,1,2.0
786,38.738063,-77.218902,D,2,2,2.8284271247461903
787,38.739182,-77.184452,D,2,2,2.8284271247461903
788,38.741142,-104.910562,D,2,2,2.8284271247461903
789,38.753457,-77.478773,D,1,1,2.0
790,38.760754,-77.001308,D,3,3,3.4641016151377544
791,38.761368,-90.038697,D,1,1,2.0
792,38.763188,-77.675429,D,1,1,2.0
793,38.763609,-77.081398,D,1,1,2.0
794,38.766631,-90.388584,D,1,1,2.0
795,38.767177,-77.137152,D,1,1,2.0
796,38.769833,-121.312069,D,4,4,4.0
797,38.788657,-75.563587,D,13,13,7.211102550927978
798,38.789907,-77.144435,D,11,11,6.6332495807108
799,38.801826,-77.119401,D,101,101,20.09975124224178
800,38.802143,-77.479597,D,4,4,4.0
801,38.805502,-94.45916,D,1,1,2.0
802,38.811091,-77.262146,D,2,2,2.8284271247461903
803,38.81903,-94.742494,D,3,3,3.4641016151377544
804,38.825503,-94.901766,D,2,2,2.8284271247461903
805,38.827378,-77.172219,D,14,14,7.483314773547883
806,38.827518,-76.958123,D,2,2,2.8284271247461903
807,38.845651,-77.373778,D,4,4,4.0
808,38.863569,-77.395515,D,1,1,2.0
809,38.86503,-77.274342,D,3,3,3.4641016151377544
810,38.868002,-94.733122,D,9,9,6.0
811,38.869155,-90.21392,D,1,1,2.0
812,38.873828,-76.831975,D,1,1,2.0
813,38.87858,-77.285483,D,1,1,2.0
814,38.886675,-77.083954,D,1,1,2.0
815,38.8898,-76.800034,D,1,1,2.0
816,38.894064,-77.421527,D,1,1,2.0
817,38.898935,-76.84041,D,1,1,2.0
818,38.907725,-94.297464,D,2,2,2.8284271247461903
819,38.907948,-77.009182,D,1,1,2.0
820,38.90861,-77.393246,D,4,4,4.0
821,38.914428,-77.05014,D,1,1,2.0
822,38.915313,-94.844203,D,1,1,2.0
823,38.931603,-76.974557,D,1,1,2.0
824,38.940225,-77.158594,D,2,2,2.8284271247461903
825,38.941032,-76.553321,D,1,1,2.0
826,38.941438,-77.429394,D,1,1,2.0
827,38.956322,-94.876678,D,2,2,2.8284271247461903
828,38.964564,-84.554442,D,1,1,2.0
829,38.96569,-77.022864,D,1,1,2.0
830,38.971053,-76.965596,D,1,1,2.0
831,38.971077,-77.248462,D,4,4,4.0
832,38.971524,-95.809606,D,2,2,2.8284271247461903
833,38.973575,-77.096707,D,1,1,2.0
834,38.974312,-77.07259,D,1,1,2.0
835,38.97724,-77.401714,D,1,1,2.0
836,38.979735,-77.064086,D,3,3,3.4641016151377544
837,38.980007,-76.707926,D,1,1,2.0
838,39.003031,-84.256409,D,1,1,2.0
839,39.006101,-9.004709,D,3,3,3.4641016151377544
840,39.006318,-77.101955,D,1,1,2.0
841,39.012634,-77.155886,D,1,1,2.0
842,39.01759,-94.487114,D,1,1,2.0
843,39.024229,-77.109128,D,1,1,2.0
844,39.033137,-76.885346,D,3,3,3.4641016151377544
845,39.048268,-76.632912,D,4,4,4.0
846,39.05124,-76.981208,D,1,1,2.0
847,39.052962,-84.710722,D,7,7,5.291502622129181
848,39.053158,-77.220557,D,2,2,2.8284271247461903
849,39.059951,-77.125438,D,3,3,3.4641016151377544
850,39.067605,-77.602414,D,1,1,2.0
851,39.078029,-76.534012,D,1,1,2.0
852,39.078493,-77.26774,D,2,2,2.8284271247461903
853,39.082526,-77.027505,D,1,1,2.0
854,39.086598,-84.368089,D,1,1,2.0
855,39.094164,-76.767088,D,3,3,3.4641016151377544
856,39.108566,-75.586247,D,2,2,2.8284271247461903
857,39.109016,-77.119953,D,1,1,2.0
858,39.118326,-77.185672,D,1,1,2.0
859,39.12466,-77.31732,D,2,2,2.8284271247461903
860,39.131259,-76.644717,D,2,2,2.8284271247461903
861,39.132793,-84.652487,D,1,1,2.0
862,39.138187,-76.530821,D,1,1,2.0
863,39.159985,-96.649744,D,2,2,2.8284271247461903
864,39.188684,-76.094819,D,1,1,2.0
865,39.197211,-76.711521,D,11,11,6.6332495807108
866,39.204223,-84.454726,D,1,1,2.0
867,39.209136,-84.573956,D,2,2,2.8284271247461903
868,39.215288,-76.952172,D,1,1,2.0
869,39.215782,-84.5041,D,1,1,2.0
870,39.270065,-76.489916,D,1,1,2.0
871,39.276092,-76.587046,D,1,1,2.0
872,39.27973,-82.173479,D,3,3,3.4641016151377544
873,39.295742,-84.483298,D,1,1,2.0
874,39.30258,-77.29813,D,1,1,2.0
875,39.308163,-76.487921,D,1,1,2.0
876,39.321048,-74.596032,D,1,1,2.0
877,39.3352,-74.673735,D,2,2,2.8284271247461903
878,39.341113,-77.467661,D,1,1,2.0
879,39.342291,-74.467407,D,4,4,4.0
880,39.343366,-76.843251,D,3,3,3.4641016151377544
881,39.350749,-119.953849,D,1,1,2.0
882,39.369128,-77.476711,D,3,3,3.4641016151377544
883,39.370945,-84.478653,D,1,1,2.0
884,39.371735,-76.667184,D,1,1,2.0
885,39.37832,-76.503771,D,3,3,3.4641016151377544
886,39.380348,-77.287399,D,1,1,2.0
887,39.38247,-76.843666,D,2,2,2.8284271247461903
888,39.393247,-84.235753,D,1,1,2.0
889,39.394564,-87.460551,D,1,1,2.0
890,39.401507,-75.076284,D,2,2,2.8284271247461903
891,39.407728,-76.770772,D,1,1,2.0
892,39.409781,-75.742439,D,4,4,4.0
893,39.413012,-84.462794,D,1,1,2.0
894,39.43277,115.421372,D,3,3,3.4641016151377544
895,39.439255,-74.624348,D,1,1,2.0
896,39.457102,-88.214587,D,1,1,2.0
897,39.463478,-84.424882,D,2,2,2.8284271247461903
898,39.483806,-84.777849,D,4,4,4.0
899,39.503132,-87.188047,D,1,1,2.0
900,39.5033,-105.053666,D,1,1,2.0
901,39.511797,-119.781386,D,3,3,3.4641016151377544
902,39.515467,-76.434737,D,1,1,2.0
903,39.521709,-104.904327,D,1,1,2.0
904,39.523616,-84.40694,D,1,1,2.0
905,39.527724,-105.19117,D,1,1,2.0
906,39.529358,-86.25064,D,1,1,2.0
907,39.565104,-75.889573,D,1,1,2.0
908,39.579164,-84.21092,D,1,1,2.0
909,39.584088,-79.987463,D,2,2,2.8284271247461903
910,39.601888,-77.802784,D,1,1,2.0
911,39.606213,-85.208228,D,1,1,2.0
912,39.60973,-105.193475,D,1,1,2.0
913,39.614151,-105.109815,D,17,17,8.246211251235321
914,39.626965,-75.048488,D,1,1,2.0
915,39.631677,-86.348441,D,10,10,6.324555320336759
916,39.644497,19.26276,D,1,1,2.0
917,39.654418,-84.218859,D,1,1,2.0
918,39.654981,-75.071815,D,1,1,2.0
919,39.666932,-74.298016,D,1,1,2.0
920,39.667021,-75.030494,D,1,1,2.0
921,39.673272,-89.773186,D,1,1,2.0
922,39.676071,-121.919174,D,1,1,2.0
923,39.681924,-82.670558,D,3,3,3.4641016151377544
924,39.693957,-75.378077,D,1,1,2.0
925,39.695193,-84.307688,D,1,1,2.0
926,39.698642,-75.130194,D,1,1,2.0
927,39.708688,-75.268797,D,1,1,2.0
928,39.719801,-80.519851,D,42,42,12.96148139681572
929,39.729659,-75.607323,D,1,1,2.0
930,39.743486,-105.074408,D,1,1,2.0
931,39.783802,-105.214417,D,2,2,2.8284271247461903
932,39.793313,-84.976985,D,4,4,4.0
933,39.818375,-84.174633,D,1,1,2.0
934,39.827737,-86.055608,D,3,3,3.4641016151377544
935,39.832013,-83.200169,D,16,16,8.0
936,39.834282,-84.254898,D,1,1,2.0
937,39.853394,-75.120317,D,1,1,2.0
938,39.860199,-75.000521,D,1,1,2.0
939,39.862962,-75.357107,D,1,1,2.0
940,39.871811,-75.280284,D,61,61,15.620499351813308
941,39.874219,-75.488491,D,1,1,2.0
942,39.879982,-91.42088,D,1,1,2.0
943,39.884537,-4.579175,D,1,1,2.0
944,39.904548,-75.093492,D,1,1,2.0
945,39.906751,-75.13285,D,1,1,2.0
946,39.912157,-75.275294,D,1,1,2.0
947,39.926048,-86.241245,D,1,1,2.0
948,39.926769,-86.076196,D,4,4,4.0
949,39.930316,-75.289746,D,1,1,2.0
950,39.931348,-82.835601,D,1,1,2.0
951,39.935578,-75.303161,D,1,1,2.0
952,39.939576,-105.183643,D,1,1,2.0
953,39.939845,-75.265362,D,1,1,2.0
954,39.942803,-74.269909,D,3,3,3.4641016151377544
955,39.951961,-75.600085,D,1,1,2.0
956,39.953552,-105.301776,D,3,3,3.4641016151377544
957,39.959922,-76.294942,D,1,1,2.0
958,39.995246,-84.262816,D,1,1,2.0
959,39.996648,-82.834695,D,1,1,2.0
960,40.000226,-105.104858,D,1,1,2.0
961,40.022489,-86.503048,D,1,1,2.0
962,40.024143,-74.972333,D,1,1,2.0
963,40.03646,-77.549194,D,1,1,2.0
964,40.048711,-74.994551,D,2,2,2.8284271247461903
965,40.054674,-88.333161,D,1,1,2.0
966,40.067746,-83.18921,D,2,2,2.8284271247461903
967,40.072763,-88.238573,D,4,4,4.0
968,40.074038,-84.647525,D,1,1,2.0
969,40.079586,-82.932648,D,1,1,2.0
970,40.080431,-82.971635,D,1,1,2.0
971,40.086894,-105.216339,D,1,1,2.0
972,40.097663,-75.356909,D,1,1,2.0
973,40.121825,-85.461887,D,2,2,2.8284271247461903
974,40.125282,-74.898856,D,10,10,6.324555320336759
975,40.125504,-105.178564,D,1,1,2.0
976,40.147962,-76.8175,D,1,1,2.0
977,40.148975,-74.924109,D,1,1,2.0
978,40.18095,-74.332704,D,1,1,2.0
979,40.18565,-111.740949,D,2,2,2.8284271247461903
980,40.198798,-74.67339,D,2,2,2.8284271247461903
981,40.20895,-74.426209,D,1,1,2.0
982,40.212001,-82.962712,D,1,1,2.0
983,40.224398,-74.056518,D,1,1,2.0
984,40.241123,-80.171271,D,1,1,2.0
985,40.246151,-76.689419,D,1,1,2.0
986,40.246768,-79.425166,D,1,1,2.0
987,40.257966,-76.730835,D,1,1,2.0
988,40.297841,-75.148534,D,3,3,3.4641016151377544
989,40.312071,-3.889005,D,2,2,2.8284271247461903
990,40.32495,-74.710297,D,1,1,2.0
991,40.324956,-74.147217,D,1,1,2.0
992,40.336421,-74.090329,D,1,1,2.0
993,40.338999,-79.906256,D,1,1,2.0
994,40.339754,-86.92488,D,1,1,2.0
995,40.344014,-80.016427,D,1,1,2.0
996,40.350594,-80.082398,D,1,1,2.0
997,40.354859,-80.038088,D,1,1,2.0
998,40.358099,-76.203953,D,1,1,2.0
999,40.36158,-80.095586,D,17,17,8.246211251235321
1000,40.365227,-75.493064,D,1,1,2.0
1001,40.365366,-80.630541,D,1,1,2.0
1002,40.371099,-74.497788,D,1,1,2.0
1003,40.375437,-96.639667,D,8,8,5.656854249492381
1004,40.387407,-79.934008,D,1,1,2.0
1005,40.394292,-74.586075,D,1,1,2.0
1006,40.40247,-79.846864,D,2,2,2.8284271247461903
1007,40.40379,-86.233407,D,2,2,2.8284271247461903
1008,40.405023,-74.212164,D,1,1,2.0
1009,40.406761,-86.999431,D,1,1,2.0
1010,40.408812,-74.712107,D,1,1,2.0
1011,40.412637,-74.531546,D,3,3,3.4641016151377544
1012,40.432002,-74.270653,D,1,1,2.0
1013,40.436156,-79.890005,D,2,2,2.8284271247461903
1014,40.441457,-74.385802,D,1,1,2.0
1015,40.441681,-74.916017,D,1,1,2.0
1016,40.444059,-88.131865,D,1,1,2.0
1017,40.45236,-111.921988,D,1,1,2.0
1018,40.455237,-74.548737,D,3,3,3.4641016151377544
1019,40.456689,-78.615655,D,1,1,2.0
1020,40.47168,-105.148074,D,4,4,4.0
1021,40.472581,-80.282747,D,1,1,2.0
1022,40.474459,-74.505658,D,1,1,2.0
1023,40.477143,-78.026701,D,1,1,2.0
1024,40.477383,-79.76259,D,54,54,14.696938456699069
1025,40.478445,-79.988653,D,1,1,2.0
1026,40.482571,-80.065679,D,2,2,2.8284271247461903
1027,40.495865,-74.255641,D,10,10,6.324555320336759
1028,40.506013,-74.524236,D,1,1,2.0
1029,40.528084,-111.921658,D,2,2,2.8284271247461903
1030,40.536852,-112.031592,D,2,2,2.8284271247461903
1031,40.541722,-73.962582,D,58,58,15.231546211727817
1032,40.543874,-74.441019,D,2,2,2.8284271247461903
1033,40.551872,-80.067777,D,4,4,4.0
1034,40.564815,-80.207064,D,1,1,2.0
1035,40.565952,-112.07287,D,1,1,2.0
1036,40.570842,-74.041878,D,152,152,24.657656011875904
1037,40.574394,-74.338445,D,1,1,2.0
1038,40.578043,-75.4314,D,3,3,3.4641016151377544
1039,40.582128,-73.701496,D,1,1,2.0
1040,40.58289,-73.717602,D,1,1,2.0
1041,40.587342,-74.576174,D,1,1,2.0
1042,40.593357,-111.921741,D,1,1,2.0
1043,40.593604,-74.290477,D,3,3,3.4641016151377544
1044,40.594821,-74.463243,D,1,1,2.0
1045,40.612083,-73.6611,D,1,1,2.0
1046,40.623952,-111.932066,D,1,1,2.0
1047,40.624437,-74.379383,D,1,1,2.0
1048,40.624816,-73.576227,D,3,3,3.4641016151377544
1049,40.629027,-74.03876,D,1,1,2.0
1050,40.630463,-74.402089,D,1,1,2.0
1051,40.631707,-73.710611,D,1,1,2.0
1052,40.633736,-74.327484,D,1,1,2.0
1053,40.637241,-74.285836,D,1,1,2.0
1054,40.640453,-80.160831,D,1,1,2.0
1055,40.647213,-78.275094,D,1,1,2.0
1056,40.64796,-74.595391,D,1,1,2.0
1057,40.648899,-75.101368,D,1,1,2.0
1058,40.654842,-73.427343,D,2,2,2.8284271247461903
1059,40.656366,-99.147605,D,1,1,2.0
1060,40.666879,-74.107995,D,10,10,6.324555320336759
1061,40.670152,-74.312288,D,1,1,2.0
1062,40.67418,-73.560023,D,3,3,3.4641016151377544
1063,40.675382,-74.498885,D,1,1,2.0
1064,40.679997,-74.25136,D,1,1,2.0
1065,40.681945,-73.983441,D,1,1,2.0
1066,40.68238,-73.668154,D,3,3,3.4641016151377544
1067,40.682829,-73.692411,D,2,2,2.8284271247461903
1068,40.683483,-76.272734,D,1,1,2.0
1069,40.683935,-74.026675,D,201,201,28.35489375751565
1070,40.684538,-73.643328,D,2,2,2.8284271247461903
1071,40.690706,-73.531834,D,1,1,2.0
1072,40.693507,-73.988425,D,1,1,2.0
1073,40.694463,-73.589148,D,1,1,2.0
1074,40.699895,-112.038311,D,2,2,2.8284271247461903
1075,40.704872,-74.009046,D,1,1,2.0
1076,40.710053,-96.806031,D,7,7,5.291502622129181
1077,40.710649,-73.343986,D,1,1,2.0
1078,40.712873,-73.617232,D,2,2,2.8284271247461903
1079,40.717135,-74.164089,D,1,1,2.0
1080,40.728402,-73.950619,D,1,1,2.0
1081,40.728913,-111.623646,D,1,1,2.0
1082,40.730235,-73.704385,D,2,2,2.8284271247461903
1083,40.7336,-74.044085,D,3,3,3.4641016151377544
1084,40.734102,-73.673309,D,1,1,2.0
1085,40.734214,-74.165221,D,1,1,2.0
1086,40.735439,-75.001477,D,1,1,2.0
1087,40.735693,-74.283246,D,2,2,2.8284271247461903
1088,40.736994,-73.657928,D,2,2,2.8284271247461903
1089,40.745103,-74.238236,D,1,1,2.0
1090,40.749326,-77.917295,D,1,1,2.0
1091,40.751317,-73.448769,D,1,1,2.0
1092,40.756372,-74.305052,D,1,1,2.0
1093,40.757384,-74.057043,D,1,1,2.0
1094,40.761594,-73.503654,D,1,1,2.0
1095,40.767243,-81.498112,D,2,2,2.8284271247461903
1096,40.76822,-74.211974,D,2,2,2.8284271247461903
1097,40.769712,-73.795847,D,1,1,2.0
1098,40.770006,-74.147101,D,1,1,2.0
1099,40.774445,-74.186781,D,1,1,2.0
1100,40.778186,-74.023591,D,1,1,2.0
1101,40.785365,-73.933612,D,24,24,9.797958971132712
1102,40.786157,-73.528274,D,1,1,2.0
1103,40.791362,-73.659237,D,1,1,2.0
1104,40.794104,-73.021438,D,1,1,2.0
1105,40.80643,-73.998004,D,1,1,2.0
1106,40.807989,-73.709643,D,1,1,2.0
1107,40.812097,-77.838254,D,1,1,2.0
1108,40.817126,-73.959535,D,3,3,3.4641016151377544
1109,40.818081,-73.968131,D,1,1,2.0
1110,40.818671,-77.90177,D,1,1,2.0
1111,40.821459,-73.078514,D,1,1,2.0
1112,40.822212,-81.803897,D,1,1,2.0
1113,40.827763,-73.991203,D,1,1,2.0
1114,40.830802,-74.07879,D,1,1,2.0
1115,40.832337,-73.109642,D,1,1,2.0
1116,40.834792,-74.272957,D,1,1,2.0
1117,40.853129,-81.442077,D,1,1,2.0
1118,40.855593,-75.269969,D,1,1,2.0
1119,40.859529,-74.25475,D,1,1,2.0
1120,40.861472,-74.646191,D,2,2,2.8284271247461903
1121,40.861503,-74.098661,D,1,1,2.0
1122,40.872987,-81.54525,D,1,1,2.0
1123,40.881294,-73.807197,D,1,1,2.0
1124,40.888371,-73.072409,D,1,1,2.0
1125,40.889695,-73.853645,D,4,4,4.0
1126,40.900789,-73.911271,D,3,3,3.4641016151377544
1127,40.903798,-111.906378,D,1,1,2.0
1128,40.909126,-74.697618,D,1,1,2.0
1129,40.912789,-72.907087,D,1,1,2.0
1130,40.919379,-73.403073,D,1,1,2.0
1131,40.944899,-72.98701,D,1,1,2.0
1132,40.950918,-73.727776,D,10,10,6.324555320336759
1133,40.959134,-73.753788,D,4,4,4.0
1134,40.95926,-85.336872,D,3,3,3.4641016151377544
1135,40.977883,-76.477539,D,2,2,2.8284271247461903
1136,40.978667,-74.248464,D,3,3,3.4641016151377544
1137,40.978787,-74.302031,D,1,1,2.0
1138,40.982445,-73.78995,D,2,2,2.8284271247461903
1139,40.983946,-75.19626,D,3,3,3.4641016151377544
1140,40.986901,-73.679712,D,5,5,4.47213595499958
1141,40.987537,-81.44541,D,2,2,2.8284271247461903
1142,40.994746,-111.056888,D,3,3,3.4641016151377544
1143,40.995137,-81.628444,D,4,4,4.0
1144,40.998332,-73.883553,D,1,1,2.0
1145,41.016106,-95.785164,D,1,1,2.0
1146,41.016743,-73.8516,D,2,2,2.8284271247461903
1147,41.016898,-73.606436,D,2,2,2.8284271247461903
1148,41.021956,-74.199392,D,1,1,2.0
1149,41.024247,-85.078576,D,1,1,2.0
1150,41.049898,-80.711161,D,4,4,4.0
1151,41.089056,-81.907176,D,1,1,2.0
1152,41.089139,-96.014224,D,1,1,2.0
1153,41.094742,-73.388984,D,1,1,2.0
1154,41.095834,-71.907259,D,1,1,2.0
1155,41.099998,-74.084517,D,1,1,2.0
1156,41.100326,-74.06664,D,1,1,2.0
1157,41.117165,-81.573215,D,4,4,4.0
1158,41.11766,-81.392451,D,1,1,2.0
1159,41.120546,-73.867804,D,1,1,2.0
1160,41.133286,-80.617513,D,1,1,2.0
1161,41.13365,-80.719166,D,1,1,2.0
1162,41.135566,-81.491087,D,1,1,2.0
1163,41.136627,-73.876223,D,1,1,2.0
1164,41.141738,-73.244348,D,3,3,3.4641016151377544
1165,41.170739,-83.69297,D,1,1,2.0
1166,41.175884,-96.234587,D,5,5,4.47213595499958
1167,41.177945,-79.400677,D,1,1,2.0
1168,41.187054,-73.508143,D,13,13,7.211102550927978
1169,41.213764,-73.747234,D,2,2,2.8284271247461903
1170,41.214442,-80.519115,D,1,1,2.0
1171,41.215416,-75.924804,D,1,1,2.0
1172,41.220627,-77.144673,D,1,1,2.0
1173,41.242076,-72.900573,D,1,1,2.0
1174,41.246404,-72.998069,D,6,6,4.898979485566356
1175,41.248445,-72.864342,D,1,1,2.0
1176,41.248625,-105.697156,D,3,3,3.4641016151377544
1177,41.255518,-73.204315,D,1,1,2.0
1178,41.260672,-72.398542,D,1,1,2.0
1179,41.275311,-81.883223,D,1,1,2.0
1180,41.277886,-72.33355,D,1,1,2.0
1181,41.287315,-88.179137,D,1,1,2.0
1182,41.301567,-74.928015,D,1,1,2.0
1183,41.310356,-73.445754,D,1,1,2.0
1184,41.317048,2.052477,D,1,1,2.0
1185,41.327184,-72.968693,D,1,1,2.0
1186,41.332539,-72.907963,D,2,2,2.8284271247461903
1187,41.336062,2.086323,D,1,1,2.0
1188,41.348047,-83.690916,D,1,1,2.0
1189,41.348826,-75.760287,D,1,1,2.0
1190,41.350358,-81.785053,D,1,1,2.0
1191,41.350966,-81.685431,D,1,1,2.0
1192,41.362501,-84.160563,D,1,1,2.0
1193,41.3696845,-81.7406714,D,1,1,2.0
1194,41.37066,-81.784858,D,2,2,2.8284271247461903
1195,41.375218,-81.970835,D,1,1,2.0
1196,41.382809,-74.194797,D,1,1,2.0
1197,41.392684,-81.877771,D,9,9,6.0
1198,41.396625,-72.88753,D,2,2,2.8284271247461903
1199,41.401283,-82.665143,D,1,1,2.0
1200,41.409372,-82.78773,D,1,1,2.0
1201,41.415364,-78.760554,D,1,1,2.0
1202,41.421284,-72.233951,D,2,2,2.8284271247461903
1203,41.444387,-88.294633,D,1,1,2.0
1204,41.451004,-71.346338,D,1,1,2.0
1205,41.459541,-73.01821,D,2,2,2.8284271247461903
1206,41.463245,-81.8375,D,5,5,4.47213595499958
1207,41.465177,-88.025768,D,1,1,2.0
1208,41.475836,-90.69214,D,1,1,2.0
1209,41.479115,-71.310847,D,2,2,2.8284271247461903
1210,41.482005,-71.392369,D,1,1,2.0
1211,41.482742,-81.603358,D,2,2,2.8284271247461903
1212,41.49231,-73.474064,D,1,1,2.0
1213,41.495568,-72.859208,D,2,2,2.8284271247461903
1214,41.50007,-71.553828,D,1,1,2.0
1215,41.501345,-81.54638,D,1,1,2.0
1216,41.501409,-93.709504,D,7,7,5.291502622129181
1217,41.503982,-87.714621,D,1,1,2.0
1218,41.513971,-73.093845,D,1,1,2.0
1219,41.515054,-70.687501,D,1,1,2.0
1220,41.515406,-81.598231,D,1,1,2.0
1221,41.519514,-90.533035,D,1,1,2.0
1222,41.520668,-87.124267,D,1,1,2.0
1223,41.52128,-87.153154,D,1,1,2.0
1224,41.521967,-87.433258,D,1,1,2.0
1225,41.522565,-87.525598,D,3,3,3.4641016151377544
1226,41.522911,-87.481092,D,3,3,3.4641016151377544
1227,41.527192,-83.718691,D,2,2,2.8284271247461903
1228,41.528008,-93.846184,D,2,2,2.8284271247461903
1229,41.544766,-72.944738,D,1,1,2.0
1230,41.549739,-87.713706,D,1,1,2.0
1231,41.559506,-109.282237,D,1,1,2.0
1232,41.563058,-73.76516,D,1,1,2.0
1233,41.567638,87.749664,D,1,1,2.0
1234,41.580375,-83.694776,D,2,2,2.8284271247461903
1235,41.582498,-70.53973,D,1,1,2.0
1236,41.588179,-81.488988,D,1,1,2.0
1237,41.595978,-71.216165,D,1,1,2.0
1238,41.596067,-88.487963,D,1,1,2.0
1239,41.598756,-86.385306,D,4,4,4.0
1240,41.599181,-91.611057,D,5,5,4.47213595499958
1241,41.599797,-70.467597,D,1,1,2.0
1242,41.606385,-87.633948,D,1,1,2.0
1243,41.614643,-93.814689,D,1,1,2.0
1244,41.621439,-86.216235,D,1,1,2.0
1245,41.629501,-71.518925,D,1,1,2.0
1246,41.6349474,-91.49734436,D,1,1,2.0
1247,41.636864,-70.230497,D,1,1,2.0
1248,41.640241,-81.391672,D,2,2,2.8284271247461903
1249,41.644102,-87.940033,D,134,134,23.15167380558045
1250,41.649515,-71.671381,D,1,1,2.0
1251,41.655874,12.234427,D,1,1,2.0
1252,41.661662,-71.534441,D,2,2,2.8284271247461903
1253,41.669084,-73.94318,D,1,1,2.0
1254,41.676329,-141.561094,D,3,3,3.4641016151377544
1255,41.676329,-95.155898,D,1,1,2.0
1256,41.676525,-82.500115,D,1,1,2.0
1257,41.696088,-90.418108,D,14,14,7.483314773547883
1258,41.70037,-88.35075,D,1,1,2.0
1259,41.708607,-86.259937,D,1,1,2.0
1260,41.709039,-86.217544,D,2,2,2.8284271247461903
1261,41.716119,-86.236322,D,2,2,2.8284271247461903
1262,41.717959,-72.786564,D,1,1,2.0
1263,41.71899,-91.651462,D,1,1,2.0
1264,41.723462,-72.664588,D,2,2,2.8284271247461903
1265,41.723759,-72.718386,D,2,2,2.8284271247461903
1266,41.730422,-71.550463,D,1,1,2.0
1267,41.732715,-87.860054,D,1,1,2.0
1268,41.735688,-73.94838,D,2,2,2.8284271247461903
1269,41.744098,-88.096689,D,1,1,2.0
1270,41.75302355,-71.29148069,D,1,1,2.0
1271,41.76345,-73.168971,D,1,1,2.0
1272,41.76576577,-71.55278344,D,1,1,2.0
1273,41.772455,-71.474186,D,4,4,4.0
1274,41.778651,-72.317317,D,2,2,2.8284271247461903
1275,41.794976,-88.224375,D,4,4,4.0
1276,41.801399,-72.742942,D,1,1,2.0
1277,41.814328,-88.151554,D,2,2,2.8284271247461903
1278,41.816203,-87.832153,D,1,1,2.0
1279,41.82158,-87.77903,D,1,1,2.0
1280,41.8296,-72.426995,D,1,1,2.0
1281,41.831901,-88.051015,D,1,1,2.0
1282,41.836409,-71.184442,D,1,1,2.0
1283,41.844383,-87.919829,D,1,1,2.0
1284,41.855075,-88.262986,D,1,1,2.0
1285,41.861729,-88.398748,D,1,1,2.0
1286,41.865006,-87.805698,D,2,2,2.8284271247461903
1287,41.875827,-74.051642,D,1,1,2.0
1288,41.89106,-70.758703,D,1,1,2.0
1289,41.8932,-71.381702,D,3,3,3.4641016151377544
1290,41.895755,-88.101785,D,1,1,2.0
1291,41.913537,-87.731435,D,1,1,2.0
1292,41.930763,-87.968865,D,1,1,2.0
1293,41.931309,-88.153241,D,1,1,2.0
1294,41.932079,-87.673957,D,1,1,2.0
1295,41.935691,-88.263058,D,1,1,2.0
1296,41.938831,-87.747745,D,1,1,2.0
1297,41.941184,-78.691214,D,1,1,2.0
1298,41.949557,-88.124996,D,1,1,2.0
1299,41.967913,-87.790233,D,1,1,2.0
1300,41.972312,-71.286899,D,1,1,2.0
1301,41.972511,-73.925782,D,2,2,2.8284271247461903
1302,41.97693,-70.87244,D,1,1,2.0
1303,41.978038,-71.539542,D,1,1,2.0
1304,41.985455,-86.539968,D,1,1,2.0
1305,41.986006,-93.718311,D,1,1,2.0
1306,41.986293,-88.431293,D,1,1,2.0
1307,41.986627,-88.154356,D,1,1,2.0
1308,41.989279,-88.230526,D,1,1,2.0
1309,41.991308,-91.633686,D,1,1,2.0
1310,41.991795,-124.703541,D,2,2,2.8284271247461903
1311,42.006854,-80.367202,D,1,1,2.0
1312,42.008076,-88.069314,D,1,1,2.0
1313,42.018277,-71.456408,D,1,1,2.0
1314,42.018414,-80.239991,D,1,1,2.0
1315,42.019151,-87.733451,D,3,3,3.4641016151377544
1316,42.022542,-87.975278,D,1,1,2.0
1317,42.024751,-72.606307,D,2,2,2.8284271247461903
1318,42.026652,-88.243545,D,2,2,2.8284271247461903
1319,42.034473,-93.9257,D,1,1,2.0
1320,42.036112,-70.215115,D,1,1,2.0
1321,42.036613,-71.747366,D,1,1,2.0
1322,42.042174,-124.321768,D,1,1,2.0
1323,42.053389,-72.06848,D,1,1,2.0
1324,42.054687,-87.894012,D,1,1,2.0
1325,42.063319,-86.510923,D,1,1,2.0
1326,42.06398,-72.620117,D,2,2,2.8284271247461903
1327,42.067082,-75.95015,D,2,2,2.8284271247461903
1328,42.073833,-88.315777,D,1,1,2.0
1329,42.081092,-83.244107,D,1,1,2.0
1330,42.086249,-70.948871,D,1,1,2.0
1331,42.088532,-87.771548,D,1,1,2.0
1332,42.09624014,-70.6521053,D,1,1,2.0
1333,42.098332,-87.910507,D,1,1,2.0
1334,42.10914569,-87.92146838,D,1,1,2.0
1335,42.116038,-87.798116,D,1,1,2.0
1336,42.131829,-71.47832,D,1,1,2.0
1337,42.135383,-70.981,D,1,1,2.0
1338,42.142414,-83.785083,D,1,1,2.0
1339,42.150587,-85.648591,D,2,2,2.8284271247461903
1340,42.157378,-70.931755,D,1,1,2.0
1341,42.162001,-72.703482,D,2,2,2.8284271247461903
1342,42.163379,-71.733841,D,1,1,2.0
1343,42.165629,-83.661476,D,3,3,3.4641016151377544
1344,42.167149,-122.736467,D,2,2,2.8284271247461903
1345,42.168248,-71.049556,D,2,2,2.8284271247461903
1346,42.171924,-89.173876,D,1,1,2.0
1347,42.176663,-84.493659,D,1,1,2.0
1348,42.181294,-83.308978,D,1,1,2.0
1349,42.197262,-88.061217,D,1,1,2.0
1350,42.204294,-71.093301,D,4,4,4.0
1351,42.209198,-71.237122,D,1,1,2.0
1352,42.210065,-71.893265,D,13,13,7.211102550927978
1353,42.215087,-83.800262,D,7,7,5.291502622129181
1354,42.215555,-85.649602,D,1,1,2.0
1355,42.223205,-72.736613,D,3,3,3.4641016151377544
1356,42.226598,-71.677611,D,1,1,2.0
1357,42.227797,-71.191421,D,31,31,11.135528725660043
1358,42.227797,-71.146101,D,1,1,2.0
1359,42.229356,-71.505683,D,1,1,2.0
1360,42.229425,-122.795124,D,1,1,2.0
1361,42.233905,-83.113623,D,1,1,2.0
1362,42.241233,-71.768222,D,1,1,2.0
1363,42.255085,-83.288056,D,3,3,3.4641016151377544
1364,42.267434,-83.430458,D,1,1,2.0
1365,42.268212,-83.312805,D,1,1,2.0
1366,42.277554,-83.287094,D,1,1,2.0
1367,42.283041,-71.270426,D,4,4,4.0
1368,42.28419,-72.729839,D,2,2,2.8284271247461903
1369,42.288789,-85.649338,D,1,1,2.0
1370,42.291504,-80.766742,D,1,1,2.0
1371,42.29466,-71.178586,D,2,2,2.8284271247461903
1372,42.310982,-71.625705,D,1,1,2.0
1373,42.312204,-71.918466,D,1,1,2.0
1374,42.329754,-72.537784,D,1,1,2.0
1375,42.33925306,-122.89101603,D,1,1,2.0
1376,42.343839,-71.011197,D,1,1,2.0
1377,42.352429,-71.160356,D,10,10,6.324555320336759
1378,42.352453,-83.433894,D,1,1,2.0
1379,42.352885,-71.289902,D,2,2,2.8284271247461903
1380,42.358121,-71.217418,D,3,3,3.4641016151377544
1381,42.36118,-71.122952,D,1,1,2.0
1382,42.372753,-71.134552,D,6,6,4.898979485566356
1383,42.383638,-89.059905,D,2,2,2.8284271247461903
1384,42.385735,-96.492971,D,2,2,2.8284271247461903
1385,42.386215,-88.059661,D,1,1,2.0
1386,42.386579,-71.076232,D,1,1,2.0
1387,42.396145,-71.149807,D,3,3,3.4641016151377544
1388,42.412466,-71.089522,D,1,1,2.0
1389,42.41815,-76.547738,D,3,3,3.4641016151377544
1390,42.421196,-92.437083,D,1,1,2.0
1391,42.435517,-71.189239,D,1,1,2.0
1392,42.436044,-83.555202,D,2,2,2.8284271247461903
1393,42.438913,-71.082765,D,1,1,2.0
1394,42.442178,-83.319904,D,2,2,2.8284271247461903
1395,42.442191,-90.781325,D,1,1,2.0
1396,42.445669,-83.17198,D,1,1,2.0
1397,42.447289,-83.086881,D,4,4,4.0
1398,42.449701,-71.207236,D,3,3,3.4641016151377544
1399,42.449927,-82.971839,D,1,1,2.0
1400,42.464484,-92.499974,D,1,1,2.0
1401,42.46624,-71.240602,D,1,1,2.0
1402,42.479636,-104.05774,D,1,1,2.0
1403,42.48393,-70.950694,D,1,1,2.0
1404,42.491921,-92.889433,D,12,12,6.928203230275509
1405,42.52605,-83.441942,D,1,1,2.0
1406,42.526142,-71.49798,D,2,2,2.8284271247461903
1407,42.529187,-83.325363,D,1,1,2.0
1408,42.530837,-83.248591,D,1,1,2.0
1409,42.534811,-83.091535,D,3,3,3.4641016151377544
1410,42.538811,-87.959452,D,1,1,2.0
1411,42.53915,-70.923007,D,1,1,2.0
1412,42.57228,-70.740864,D,2,2,2.8284271247461903
1413,42.580322,-73.731523,D,1,1,2.0
1414,42.604079,-71.145979,D,1,1,2.0
1415,42.605989,-71.382444,D,1,1,2.0
1416,42.607297,-81.835697,D,1,1,2.0
1417,42.611619,-83.44622,D,1,1,2.0
1418,42.618566,-84.63184,D,2,2,2.8284271247461903
1419,42.626286,-87.915353,D,2,2,2.8284271247461903
1420,42.627801,-82.976654,D,1,1,2.0
1421,42.630077,-82.859608,D,1,1,2.0
1422,42.636915,-70.884728,D,1,1,2.0
1423,42.640878,-88.569022,D,1,1,2.0
1424,42.667745,-87.910314,D,1,1,2.0
1425,42.676375,-73.832933,D,5,5,4.47213595499958
1426,42.677972,-87.877863,D,2,2,2.8284271247461903
1427,42.681889,-84.720053,D,1,1,2.0
1428,42.696984,-72.557247,D,5,5,4.47213595499958
1429,42.700087,-71.5749,D,1,1,2.0
1430,42.704505,-84.515906,D,1,1,2.0
1431,42.726853,-73.437741,D,4,4,4.0
1432,42.731229,-84.483739,D,2,2,2.8284271247461903
1433,42.73759,-71.284469,D,3,3,3.4641016151377544
1434,42.75267,-83.80635,D,1,1,2.0
1435,42.752988,-74.03435,D,1,1,2.0
1436,42.77232,-86.212713,D,1,1,2.0
1437,42.775296,-73.72126,D,1,1,2.0
1438,42.776081,-83.659922,D,1,1,2.0
1439,42.790895,-70.93895,D,2,2,2.8284271247461903
1440,42.790953,-71.589882,D,2,2,2.8284271247461903
1441,42.813864,-103.025614,D,2,2,2.8284271247461903
1442,42.817667,-83.729713,D,1,1,2.0
1443,42.824496,-81.391247,D,4,4,4.0
1444,42.826008,-78.912276,D,7,7,5.291502622129181
1445,42.83309,-71.088352,D,1,1,2.0
1446,42.83611,-87.951617,D,1,1,2.0
1447,42.842935,-85.90144,D,2,2,2.8284271247461903
1448,42.85341,-85.782295,D,1,1,2.0
1449,42.854479,-85.665318,D,1,1,2.0
1450,42.854485,-85.551867,D,1,1,2.0
1451,42.858079,-88.069621,D,2,2,2.8284271247461903
1452,42.863516,-78.799913,D,1,1,2.0
1453,42.86362,-78.696966,D,1,1,2.0
1454,42.883679,-85.751406,D,2,2,2.8284271247461903
1455,42.885184,-85.921923,D,2,2,2.8284271247461903
1456,42.887879,-73.363994,D,1,1,2.0
1457,42.890919,-71.512722,D,1,1,2.0
1458,42.896802,-71.615121,D,1,1,2.0
1459,42.899436,-83.831237,D,2,2,2.8284271247461903
1460,42.90595,-112.505957,D,1,1,2.0
1461,42.913667,-70.877383,D,1,1,2.0
1462,42.917127,-71.084335,D,6,6,4.898979485566356
1463,42.920822,-88.070827,D,7,7,5.291502622129181
1464,42.930427,-85.629677,D,1,1,2.0
1465,42.948903,-78.832497,D,5,5,4.47213595499958
1466,42.955994,-78.941453,D,3,3,3.4641016151377544
1467,42.959625,-83.692863,D,1,1,2.0
1468,42.968277,-76.026142,D,1,1,2.0
1469,42.975404,-77.232093,D,1,1,2.0
1470,42.975833,-83.576507,D,1,1,2.0
1471,42.983681,-89.487156,D,1,1,2.0
1472,42.984026,-76.204476,D,9,9,6.0
1473,42.987905,-75.072113,D,1,1,2.0
1474,42.999457,-82.515067,D,1,1,2.0
1475,43.013673,-70.820242,D,2,2,2.8284271247461903
1476,43.020588,-73.848875,D,1,1,2.0
1477,43.034325,-77.486575,D,1,1,2.0
1478,43.043093,-86.213904,D,1,1,2.0
1479,43.050553,-80.248423,D,3,3,3.4641016151377544
1480,43.066005,-82.339616,D,1,1,2.0
1481,43.07079,-79.075086,D,1,1,2.0
1482,43.072945,-76.167052,D,1,1,2.0
1483,43.08597,-85.581154,D,1,1,2.0
1484,43.087472,-77.694219,D,1,1,2.0
1485,43.110482,-123.442766,D,1,1,2.0
1486,43.154941,-89.2948,D,1,1,2.0
1487,43.159703,-71.622585,D,1,1,2.0
1488,43.166743,-77.623126,D,3,3,3.4641016151377544
1489,43.16754,-112.376169,D,2,2,2.8284271247461903
1490,43.178823,-77.761369,D,2,2,2.8284271247461903
1491,43.1963,-77.534189,D,2,2,2.8284271247461903
1492,43.254154,-70.883673,D,1,1,2.0
1493,43.309929,-79.810961,D,6,6,4.898979485566356
1494,43.310536,-83.761362,D,1,1,2.0
1495,43.318386,-81.443037,D,1,1,2.0
1496,43.332161,-80.413946,D,2,2,2.8284271247461903
1497,43.366298,-64.237659,D,5,5,4.47213595499958
1498,43.373074,-79.810142,D,5,5,4.47213595499958
1499,43.403221,-79.639319,D,40,40,12.649110640673518
1500,43.446466,-70.522531,D,1,1,2.0
1501,43.465641,-96.839502,D,1,1,2.0
1502,43.473802,-80.326879,D,4,4,4.0
1503,43.499362,-97.239256,D,5,5,4.47213595499958
1504,43.50779374,-79.64405557,D,1,1,2.0
1505,43.510172,-116.374494,D,1,1,2.0
1506,43.523489,-116.637186,D,1,1,2.0
1507,43.554887,-79.220024,D,1,1,2.0
1508,43.589036,-79.047315,D,1,1,2.0
1509,43.590179,-116.713205,D,1,1,2.0
1510,43.59427,-72.331133,D,1,1,2.0
1511,43.595844,-70.349558,D,2,2,2.8284271247461903
1512,43.60222,-79.888911,D,3,3,3.4641016151377544
1513,43.605695,-85.52501,D,1,1,2.0
1514,43.619007,-116.314121,D,1,1,2.0
1515,43.640514,-70.346323,D,3,3,3.4641016151377544
1516,43.646884,-79.386766,D,1,1,2.0
1517,43.749761,-79.711527,D,2,2,2.8284271247461903
1518,43.829311,-79.485633,D,1,1,2.0
1519,43.866802,-69.841756,D,1,1,2.0
1520,43.868253,-70.020003,D,1,1,2.0
1521,43.889266,-80.145847,D,1,1,2.0
1522,43.914743,-70.001645,D,1,1,2.0
1523,43.92732,-81.407522,D,1,1,2.0
1524,43.95747,-79.499552,D,2,2,2.8284271247461903
1525,43.988281,-123.208615,D,4,4,4.0
1526,43.992857,-77.752464,D,1,1,2.0
1527,43.999225,-121.373464,D,2,2,2.8284271247461903
1528,44.016826,-79.509317,D,1,1,2.0
1529,44.063506,-79.530928,D,1,1,2.0
1530,44.088966,-82.374927,D,1,1,2.0
1531,44.119612,-94.06457,D,1,1,2.0
1532,44.162288,-79.922967,D,2,2,2.8284271247461903
1533,44.219636,-86.351075,D,1,1,2.0
1534,44.252035,-78.387994,D,1,1,2.0
1535,44.253728,-96.824461,D,1,1,2.0
1536,44.282958,11.584034,D,1,1,2.0
1537,44.284807,-74.157418,D,3,3,3.4641016151377544
1538,44.290196,-69.832494,D,2,2,2.8284271247461903
1539,44.325486,-72.763763,D,1,1,2.0
1540,44.341218,-100.371969,D,1,1,2.0
1541,44.35821,-116.050004,D,1,1,2.0
1542,44.379083,8.665852,D,1,1,2.0
1543,44.386368,-79.799258,D,2,2,2.8284271247461903
1544,44.408479,-73.233379,D,2,2,2.8284271247461903
1545,44.428299,-93.602168,D,1,1,2.0
1546,44.433944,-73.139974,D,1,1,2.0
1547,44.445714,-73.276995,D,3,3,3.4641016151377544
1548,44.47174,-88.139804,D,1,1,2.0
1549,44.493975,-89.60726,D,2,2,2.8284271247461903
1550,44.507051,-76.109996,D,2,2,2.8284271247461903
1551,44.588424,-60.812036,D,1,1,2.0
1552,44.624267,10.491045,D,1,1,2.0
1553,44.649273,-75.022155,D,1,1,2.0
1554,44.672679,-75.5321,D,1,1,2.0
1555,44.685054,-93.489043,D,3,3,3.4641016151377544
1556,44.716911,-93.329811,D,3,3,3.4641016151377544
1557,44.759861,-91.601375,D,2,2,2.8284271247461903
1558,44.774048,-73.117176,D,1,1,2.0
1559,44.77617,-93.64754,D,1,1,2.0
1560,44.800931,-92.98399,D,2,2,2.8284271247461903
1561,44.81197,-64.621502,D,1,1,2.0
1562,44.84812,-93.065629,D,1,1,2.0
1563,44.853813,-123.122916,D,1,1,2.0
1564,44.85982,-93.402474,D,1,1,2.0
1565,44.861156,-93.199772,D,1,1,2.0
1566,44.889964,-93.329515,D,20,20,8.94427190999916
1567,44.890752,-93.207783,D,9,9,6.0
1568,44.890773,-93.105955,D,2,2,2.8284271247461903
1569,44.890915,-93.523339,D,2,2,2.8284271247461903
1570,44.898982,-74.924113,D,1,1,2.0
1571,44.919084,-89.746623,D,1,1,2.0
1572,44.919577,-93.410573,D,2,2,2.8284271247461903
1573,44.920267,-93.645788,D,1,1,2.0
1574,44.95736911,-123.07011638,D,1,1,2.0
1575,44.961937,-76.353876,D,14,14,7.483314773547883
1576,44.96211002,-93.27156867,D,1,1,2.0
1577,44.988051,-93.207642,D,2,2,2.8284271247461903
1578,45.005541,7.57798,D,1,1,2.0
1579,45.033056,-93.056248,D,1,1,2.0
1580,45.035471,-93.272636,D,1,1,2.0
1581,45.063712,-93.402498,D,1,1,2.0
1582,45.064772,-93.528854,D,2,2,2.8284271247461903
1583,45.118611,-93.374494,D,1,1,2.0
1584,45.161052,-72.248934,D,1,1,2.0
1585,45.215499,-93.511116,D,1,1,2.0
1586,45.225319,-80.543875,D,1,1,2.0
1587,45.247922,-122.714308,D,2,2,2.8284271247461903
1588,45.296107,-75.11056,D,2,2,2.8284271247461903
1589,45.334046,-74.229399,D,1,1,2.0
1590,45.345593,-122.869771,D,1,1,2.0
1591,45.348487,10.87689,D,2,2,2.8284271247461903
1592,45.373212,-73.987534,D,1,1,2.0
1593,45.381488,-122.298263,D,1,1,2.0
1594,45.386726,9.040628,D,2,2,2.8284271247461903
1595,45.393108,-122.840168,D,3,3,3.4641016151377544
1596,45.410095,-73.972965,D,10,10,6.324555320336759
1597,45.421863,-122.790065,D,24,24,9.797958971132712
1598,45.426386,-122.867581,D,5,5,4.47213595499958
1599,45.43299,-73.528401,D,2,2,2.8284271247461903
1600,45.446732,-73.668312,D,1,1,2.0
1601,45.488124,-123.011705,D,2,2,2.8284271247461903
1602,45.500424,-73.609583,D,1,1,2.0
1603,45.510736,-73.895339,D,2,2,2.8284271247461903
1604,45.522879,-122.726154,D,1,1,2.0
1605,45.527087,-122.857378,D,2,2,2.8284271247461903
1606,45.533193,-74.024332,D,1,1,2.0
1607,45.543542,-124.848975,D,4,4,4.0
1608,45.625349,-111.185677,D,1,1,2.0
1609,45.707752,-122.599431,D,2,2,2.8284271247461903
1610,45.723722,-108.692879,D,1,1,2.0
1611,45.788171,-122.53725,D,1,1,2.0
1612,45.868781,-66.783402,D,2,2,2.8284271247461903
1613,45.935021,-104.048915,D,1,1,2.0
1614,45.958164,-75.783148,D,1,1,2.0
1615,46.164261,-122.938001,D,1,1,2.0
1616,46.195652,-81.597501,D,3,3,3.4641016151377544
1617,46.217197,-63.196592,D,1,1,2.0
1618,46.386175,-63.84717,D,1,1,2.0
1619,46.568923,-112.106268,D,2,2,2.8284271247461903
1620,46.640323,-120.582182,D,1,1,2.0
1621,46.650616,-92.282745,D,1,1,2.0
1622,46.70823,-117.213215,D,1,1,2.0
1623,46.749023,-100.716225,D,1,1,2.0
1624,46.780202,-114.120325,D,1,1,2.0
1625,46.787881,-96.903853,D,2,2,2.8284271247461903
1626,46.818321,-96.79398,D,1,1,2.0
1627,46.924649,-65.617019,D,1,1,2.0
1628,47.048406,8.388932,D,1,1,2.0
1629,47.110842,-122.415738,D,1,1,2.0
1630,47.115869,-122.579274,D,1,1,2.0
1631,47.145624,-122.336103,D,1,1,2.0
1632,47.166863,-122.562215,D,1,1,2.0
1633,47.18062,-122.397234,D,1,1,2.0
1634,47.185193,-122.58428,D,3,3,3.4641016151377544
1635,47.185281,-120.982466,D,1,1,2.0
1636,47.205593,-122.229539,D,1,1,2.0
1637,47.257029,-122.266398,D,1,1,2.0
1638,47.340174,-122.070326,D,2,2,2.8284271247461903
1639,47.340391,-122.335786,D,2,2,2.8284271247461903
1640,47.345144,-122.144491,D,1,1,2.0
1641,47.348873,0.652869,D,2,2,2.8284271247461903
1642,47.404858,-122.362482,D,1,1,2.0
1643,47.435796,-111.391637,D,1,1,2.0
1644,47.495315,-122.436232,D,31,31,11.135528725660043
1645,47.534965,-122.223209,D,3,3,3.4641016151377544
1646,47.573713,-122.593813,D,1,1,2.0
1647,47.5742,-117.565226,D,1,1,2.0
1648,47.592388,-122.342491,D,1,1,2.0
1649,47.732185,-117.458585,D,1,1,2.0
1650,47.733761,-122.395019,D,1,1,2.0
1651,47.86007,-97.131525,D,4,4,4.0
1652,47.860402,-122.234054,D,3,3,3.4641016151377544
1653,47.884492,-122.294205,D,5,5,4.47213595499958
1654,48.120449,1.446522,D,1,1,2.0
1655,48.336895,-123.784831,D,1,1,2.0
1656,48.433384,-123.478699,D,2,2,2.8284271247461903
1657,48.689345,-122.546166,D,1,1,2.0
1658,48.693809,-65.20375,D,2,2,2.8284271247461903
1659,48.815521,2.224101,D,2,2,2.8284271247461903
1660,48.876587,-58.064073,D,1,1,2.0
1661,49.001921,-122.958937,D,2,2,2.8284271247461903
1662,49.088211,-116.539149,D,1,1,2.0
1663,49.094129,-125.925969,D,1,1,2.0
1664,49.162656,-8.662663,D,1,1,2.0
1665,49.19854,-123.224215,D,5,5,4.47213595499958
1666,49.20453,-121.964505,D,2,2,2.8284271247461903
1667,49.280823,-123.14727,D,1,1,2.0
1668,49.404858,-125.164084,D,1,1,2.0
1669,49.560849,6.069012,D,1,1,2.0
1670,49.620144,-112.93618,D,1,1,2.0
1671,49.713679,-97.350366,D,3,3,3.4641016151377544
1672,49.738317,-94.591813,D,1,1,2.0
1673,49.882531,-6.365194,D,1,1,2.0
1674,49.902006,-125.492873,D,1,1,2.0
1675,50.385342,-113.289908,D,1,1,2.0
1676,50.39659,-104.778398,D,2,2,2.8284271247461903
1677,50.418032,-104.3889,D,1,1,2.0
1678,50.560978,5.523434,D,1,1,2.0
1679,50.574606,-1.957296,D,4,4,4.0
1680,50.750449,3.297662,D,4,4,4.0
1681,50.778429,-1.117912,D,2,2,2.8284271247461903
1682,50.830287,6.772567,D,1,1,2.0
1683,50.84278,-114.316038,D,3,3,3.4641016151377544
1684,50.883056,-1.476463,D,1,1,2.0
1685,51.007528,-4.203039,D,1,1,2.0
1686,51.014933,-113.981626,D,1,1,2.0
1687,51.129736,-0.514943,D,2,2,2.8284271247461903
1688,51.175093,-179.231086,D,5,5,4.47213595499958
1689,51.241238,-114.048657,D,1,1,2.0
1690,51.260955,1.323954,D,1,1,2.0
1691,51.286702,-0.510365,D,2,2,2.8284271247461903
1692,51.34286,-0.322917,D,5,5,4.47213595499958
1693,51.378778,-5.353407,D,1,1,2.0
1694,51.379947,-0.254269,D,1,1,2.0
1695,51.399367,-2.659936,D,1,1,2.0
1696,51.407545,0.309425,D,1,1,2.0
1697,51.419215,-10.22546,D,4,4,4.0
1698,51.419425,-0.111476,D,2,2,2.8284271247461903
1699,51.447362,-3.278624,D,1,1,2.0
1700,51.455116,-0.508684,D,2,2,2.8284271247461903
1701,51.463873,-0.254563,D,1,1,2.0
1702,51.48432,-0.080028,D,4,4,4.0
1703,51.491866,-0.351597,D,1,1,2.0
1704,51.5068,-0.112442,D,1,1,2.0
1705,51.509879,-0.21607,D,4,4,4.0
1706,51.512805,-0.213503,D,1,1,2.0
1707,51.51351351,-0.14476256,D,1,1,2.0
1708,51.518552,-0.142058,D,3,3,3.4641016151377544
1709,51.518605,-0.104501,D,1,1,2.0
1710,51.525469,-0.019481,D,2,2,2.8284271247461903
1711,51.527592,-0.336055,D,3,3,3.4641016151377544
1712,51.53128847,-0.11378055,D,1,1,2.0
1713,51.552749,7.134774,D,3,3,3.4641016151377544
1714,51.564585,-0.170246,D,1,1,2.0
1715,51.583785,-0.799282,D,1,1,2.0
1716,51.640831,-0.297848,D,1,1,2.0
1717,51.672586,-0.335879,D,1,1,2.0
1718,51.688185,-10.619545,D,1,1,2.0
1719,51.712267,-1.289608,D,1,1,2.0
1720,51.937671,-8.162198,D,1,1,2.0
1721,51.977226,-2.034105,D,2,2,2.8284271247461903
1722,52.0689206,1.1960121,D,1,1,2.0
1723,52.250867,-0.678124,D,1,1,2.0
1724,52.278227,4.7289,D,2,2,2.8284271247461903
1725,52.279971,-9.366822,D,2,2,2.8284271247461903
1726,52.338079,13.088304,D,2,2,2.8284271247461903
1727,52.355344,-2.069936,D,1,1,2.0
1728,52.365398,-1.612893,D,1,1,2.0
1729,52.381063,-2.033651,D,3,3,3.4641016151377544
1730,52.381255,-1.846405,D,1,1,2.0
1731,52.580667,-1.215135,D,3,3,3.4641016151377544
1732,52.682057,-6.791799,D,1,1,2.0
1733,52.781074,-7.733993,D,1,1,2.0
1734,52.921473,-1.250136,D,1,1,2.0
1735,52.967568,-10.244525,D,1,1,2.0
1736,53.20465,-4.176128,D,1,1,2.0
1737,53.240191,-3.38639,D,1,1,2.0
1738,53.248878,-110.005527,D,1,1,2.0
1739,53.270474,-8.82365,D,2,2,2.8284271247461903
1740,53.298745,-6.387438,D,7,7,5.291502622129181
1741,53.309898,-1.573648,D,2,2,2.8284271247461903
1742,53.343623,-2.319934,D,1,1,2.0
1743,53.350862,-6.475708,D,2,2,2.8284271247461903
1744,53.354476,-113.402012,D,1,1,2.0
1745,53.36489,-3.008791,D,1,1,2.0
1746,53.374446,-2.215529,D,1,1,2.0
1747,53.395531,-113.71368,D,6,6,4.898979485566356
1748,53.472603,-10.257699,D,1,1,2.0
1749,53.511948,-2.51295,D,1,1,2.0
1750,53.531967,-2.513908,D,1,1,2.0
1751,53.684495,-1.427274,D,1,1,2.0
1752,53.727777,-2.421728,D,1,1,2.0
1753,53.736369,-1.706057,D,2,2,2.8284271247461903
1754,53.8999457,27.6032508,D,1,1,2.0
1755,53.912789,-9.136406,D,1,1,2.0
1756,53.928002,-1.147268,D,1,1,2.0
1757,54.39686,-1.758326,D,1,1,2.0
1758,54.529456,-6.722174,D,2,2,2.8284271247461903
1759,54.624005,-5.847643,D,1,1,2.0
1760,54.633631,-7.660857,D,1,1,2.0
1761,54.858506,-1.457159,D,1,1,2.0
1762,54.882974,-6.360012,D,1,1,2.0
1763,54.939397,-1.380416,D,1,1,2.0
1764,55.155119,-1.612343,D,2,2,2.8284271247461903
1765,55.641189,-4.728538,D,1,1,2.0
1766,55.774596,-4.329174,D,1,1,2.0
1767,55.796184,-4.393285,D,5,5,4.47213595499958
1768,55.894729,-3.328512,D,4,4,4.0
1769,55.941609,13.418033,D,1,1,2.0
1770,56.173608,-3.231349,D,1,1,2.0
1771,56.396367,-5.491345,D,1,1,2.0
1772,56.857067,23.932583,D,1,1,2.0
1773,59.809779,10.491468,D,1,1,2.0
1774,60.021032,24.78281,D,1,1,2.0
1775,60.452529,15.254355,D,1,1,2.0
1776,61.043884,-150.035259,D,2,2,2.8284271247461903
1777,61.956561,5.726841,D,1,1,2.0
0,-38.433859,144.593742,R,1,1,2.0
1,-27.767441,152.668523,R,1,1,2.0
2,21.37939,-157.96614,R,1,1,2.0
3,24.396308,-87.634643,R,2,2,2.8284271247461903
4,25.806057,-80.356354,R,1,1,2.0
5,25.837092,-106.645646,R,1,1,2.0
6,25.858723,-97.580085,R,1,1,2.0
7,26.320692,-80.203991,R,1,1,2.0
8,28.00226,-82.345013,R,1,1,2.0
9,30.124859,-93.314852,R,1,1,2.0
10,30.144425,-88.473228,R,1,1,2.0
11,30.165061,-85.95802,R,5,5,4.47213595499958
12,30.354161,-91.218994,R,1,1,2.0
13,30.355644,-85.605166,R,2,2,2.8284271247461903
14,31.784633,-111.050517,R,1,1,2.0
15,32.53962,-117.282538,R,1,1,2.0
16,32.620678,-96.977527,R,1,1,2.0
17,32.716432,-97.839791,R,1,1,2.0
18,32.997151,-96.85743,R,1,1,2.0
19,33.060615,-117.359298,R,1,1,2.0
20,33.48444,-117.820234,R,1,1,2.0
21,33.628991,-118.082615,R,1,1,2.0
22,33.647503,-84.576827,R,1,1,2.0
23,33.704538,-118.668404,R,4,4,4.0
24,33.825123,-84.348581,R,1,1,2.0
25,33.84596,-118.108568,R,1,1,2.0
26,34.035008,-84.10171,R,1,1,2.0
27,34.105958,-118.719985,R,1,1,2.0
28,34.227495,-118.931619,R,1,1,2.0
29,34.257033,-118.932832,R,1,1,2.0
30,34.40581,-119.913268,R,1,1,2.0
31,34.983674,-85.404424,R,3,3,3.4641016151377544
32,35.002086,-120.00574,R,1,1,2.0
33,35.098693,-101.96758,R,1,1,2.0
34,35.14586,-103.754287,R,1,1,2.0
35,35.47747748,-85.02950425,R,1,1,2.0
36,35.715805,-78.818343,R,1,1,2.0
37,35.909236,139.931565,R,1,1,2.0
38,36.079285,-97.144924,R,1,1,2.0
39,36.129459,-115.384091,R,1,1,2.0
40,36.540739,-83.67529,R,1,1,2.0
41,37.562483,-97.534906,R,1,1,2.0
42,37.688339,-84.37566,R,1,1,2.0
43,37.741191,-120.905115,R,1,1,2.0
44,37.771743,-88.097892,R,2,2,2.8284271247461903
45,38.081329,-85.677333,R,1,1,2.0
46,38.214146,-76.497881,R,1,1,2.0
47,38.28923,-75.71412,R,1,1,2.0
48,38.403186,-84.820309,R,3,3,3.4641016151377544
49,38.660632,-77.362725,R,1,1,2.0
50,38.741142,-104.910562,R,2,2,2.8284271247461903
51,38.767177,-77.137152,R,1,1,2.0
52,38.801826,-77.119401,R,1,1,2.0
53,38.898565,-77.265228,R,1,1,2.0
54,39.052962,-84.710722,R,1,1,2.0
55,39.12466,-77.31732,R,1,1,2.0
56,39.197211,-76.711521,R,1,1,2.0
57,39.5541,-105.091487,R,1,1,2.0
58,39.584088,-79.987463,R,1,1,2.0
59,39.695193,-84.307688,R,1,1,2.0
60,39.719801,-80.519851,R,1,1,2.0
61,39.871811,-75.280284,R,1,1,2.0
62,40.47168,-105.148074,R,1,1,2.0
63,40.477383,-79.76259,R,1,1,2.0
64,40.495865,-74.255641,R,1,1,2.0
65,40.570842,-74.041878,R,1,1,2.0
66,40.64192,-75.481187,R,1,1,2.0
67,40.6758837,-73.9237199,R,1,1,2.0
68,40.683935,-74.026675,R,2,2,2.8284271247461903
69,40.684315,-73.31844,R,1,1,2.0
70,40.767243,-81.498112,R,1,1,2.0
71,40.771234,-73.715895,R,1,1,2.0
72,40.778186,-74.023591,R,1,1,2.0
73,40.950918,-73.727776,R,1,1,2.0
74,41.248445,-72.864342,R,1,1,2.0
75,41.478018,-82.066856,R,1,1,2.0
76,41.563058,-73.76516,R,1,1,2.0
77,41.596435,-93.852921,R,1,1,2.0
78,41.644102,-87.940033,R,1,1,2.0
79,41.676329,-141.561094,R,1,1,2.0
80,41.696088,-90.418108,R,2,2,2.8284271247461903
81,41.723759,-72.718386,R,1,1,2.0
82,41.861729,-88.398748,R,1,1,2.0
83,41.89106,-70.758703,R,1,1,2.0
84,42.352429,-71.160356,R,1,1,2.0
85,42.763657,-73.983266,R,1,1,2.0
86,42.920822,-88.070827,R,1,1,2.0
87,42.956161,-78.696945,R,1,1,2.0
88,43.403221,-79.639319,R,1,1,2.0
89,44.35821,-116.050004,R,1,1,2.0
90,45.707752,-122.599431,R,1,1,2.0
91,45.708432,-87.135317,R,1,1,2.0
92,47.53101411,-122.36149541,R,1,1,2.0
93,49.713679,-97.350366,R,1,1,2.0
94,49.902006,-125.492873,R,1,1,2.0
95,50.750449,3.297662,R,1,1,2.0
96,50.84278,-114.316038,R,1,1,2.0
97,50.991188,4.370328,R,1,1,2.0
98,51.419215,-10.22546,R,1,1,2.0
99,51.483171,9.80043,R,1,1,2.0
100,63.186125,-24.794217,R,1,1,2.0
